Report ID,Report Version,Reporting Entity,Report Type,Report Month,Report Year,Report Submission Date,VIN,VIN - Unknown,Serial Number,Make,Model,Model - Unknown,Model Year,Model Year - Unknown,Same Vehicle ID,Mileage,Mileage - Unknown,Driver / Operator Type,ADAS/ADS System Version,ADAS/ADS System Version - Unk,ADAS/ADS System Version CBI,ADAS/ADS Hardware Version,ADAS/ADS Hardware Version - Unk,ADAS/ADS Hardware Version CBI,ADAS/ADS Software Version,ADAS/ADS Software Version - Unk,ADAS/ADS Software Version CBI,Other Reporting Entities?,Other Reporting Entities? - Unk,Other Reporting Entities? - NA,Federal Regulatory Exemption?,Other Federal Reg. Exemption,Federal Reg. Exemption - Unk,Federal Reg. Exemption - No,State or Local Permit?,State or Local Permit,ADS Equipped?,Automation System Engaged?,Operating Entity,Operating Entity - Unknown,Source - Complaint/Claim,Source - Telematics,Source - Law Enforcement,Source - Field Report,Source - Testing,Source - Media,Source - Other,Source - Other Text,Incident Date,Incident Date - Unknown,Notice Received Date,Incident Time (24:00),Incident Time - Unknown,Same Incident ID,Latitude,Latitude - Unknown,Longitude,Longitude - Unknown,Address,Address - Unknown,City,City - Unknown,State,Zip Code,Zip Code - Unknown,Roadway Type,Roadway Surface,Roadway Description,Posted Speed Limit (MPH),Posted Speed Limit - Unknown,Lighting,Weather - Clear,Weather - Snow,Weather - Cloudy,Weather - Fog/Smoke,Weather - Rain,Weather - Severe Wind,Weather - Unknown,Weather - Other,Weather - Other Text,Crash With,Highest Injury Severity Alleged,Property Damage?,CP Pre-Crash Movement,CP Any Air Bags Deployed?,CP Was Vehicle Towed?,CP Contact Area - Rear Left,CP Contact Area - Left,CP Contact Area - Front Left,CP Contact Area - Rear,CP Contact Area - Top,CP Contact Area - Front,CP Contact Area - Rear Right,CP Contact Area - Right,CP Contact Area - Front Right,CP Contact Area - Bottom,CP Contact Area - Unknown,SV Pre-Crash Movement,SV Any Air Bags Deployed?,SV Was Vehicle Towed?,SV Were All Passengers Belted?,SV Precrash Speed (MPH),SV Pre-crash Speed - Unknown,SV Contact Area - Rear Left,SV Contact Area - Left,SV Contact Area - Front Left,SV Contact Area - Rear,SV Contact Area - Top,SV Contact Area - Front,SV Contact Area - Rear Right,SV Contact Area - Right,SV Contact Area - Front Right,SV Contact Area - Bottom,SV Contact Area - Unknown,Data Availability - EDR,Data Availability - Police Rpt,Data Availability - Telematics,Data Availability - Complaints,Data Availability - Video,Data Availability - Other,Data Availability - No Data,Data Availability - Unknown,Law Enforcement Investigating?,Investigating Agency,Investigating Agency - Unknown,Rep Ent Or Mfr Investigating?,Investigating Officer Name,Inv. Officer Name - Unknown,Investigating Officer Phone,Inv. Officer Phone - Unknown,Investigating Officer Email,Inv. Officer Email - Unknown,Within ODD?,Within ODD? - CBI,Narrative,Narrative - CBI?
13781-6155,1,"Tesla, Inc.",5-Day,,,AUG-2023,5YJYGAEE5MF, ,N/A,Tesla,Model Y, ,2021, ,fdbc9f9567c5a55,49340, ,Consumer,"[REDACTED, MAY CONTAIN CONFIDENTIAL BUSINESS INFORMATION]", ,Y,"[REDACTED, MAY CONTAIN CONFIDENTIAL BUSINESS INFORMATION]", ,Y,"[REDACTED, MAY CONTAIN CONFIDENTIAL BUSINESS INFORMATION]", ,Y,,Y, ,,, ,Y,No,,No,ADAS,, , ,Y, , , , , ,,AUG-2023, ,AUG-2023,21:00, ,b3b0e9a43746dca,[MAY CONTAIN PERSONALLY IDENTIFIABLE INFORMATION], ,[MAY CONTAIN PERSONALLY IDENTIFIABLE INFORMATION], ,[MAY CONTAIN PERSONALLY IDENTIFIABLE INFORMATION], ,Independence, ,MO ,[MAY CONTAIN PERSONALLY IDENTIFIABLE INFORMATION], ,Intersection,Dry,No Unusual Conditions,65, ,Daylight, , ,Y, , , , , ,,Pickup Truck,Unknown,Yes,"Other, see Narrative",Unknown,Unknown, , ,Y, , ,Y, , ,Y, , ,Proceeding Straight,Yes,Unknown,Unknown,73, ,Y,Y, , , , , , , , , ,Y, ,Y, ,Y,Y, , ,Unknown,,Y,Unknown,,Y,,Y,,Y,"[REDACTED, MAY CONTAIN CONFIDENTIAL BUSINESS INFORMATION]",Y,"[REDACTED, MAY CONTAIN CONFIDENTIAL BUSINESS INFORMATION]",Y
13781-6154,1,"Tesla, Inc.",5-Day,,,AUG-2023,5YJYGDEE2MF, ,N/A,Tesla,Model Y, ,2021, ,5bdcac48f79d988,49594, ,Consumer,"[REDACTED, MAY CONTAIN CONFIDENTIAL BUSINESS INFORMATION]", ,Y,"[REDACTED, MAY CONTAIN CONFIDENTIAL BUSINESS INFORMATION]", ,Y,"[REDACTED, MAY CONTAIN CONFIDENTIAL BUSINESS INFORMATION]", ,Y,,Y, ,,, ,Y,No,,No,ADAS,, , ,Y, , , , , ,,AUG-2023, ,AUG-2023,18:09, ,859206372eb0d03,[MAY CONTAIN PERSONALLY IDENTIFIABLE INFORMATION], ,[MAY CONTAIN PERSONALLY IDENTIFIABLE INFORMATION], ,[MAY CONTAIN PERSONALLY IDENTIFIABLE INFORMATION], ,San Diego, ,CA ,[MAY CONTAIN PERSONALLY IDENTIFIABLE INFORMATION], ,Street,Dry,No Unusual Conditions,50, ,Daylight,Y, , , , , , , ,,Other Fixed Object,Unknown,Yes,,,, , , , , , , , , , , ,Proceeding Straight,Yes,Unknown,Unknown,52, ,Y,Y,Y, , , , , , , , ,Y, ,Y, ,Y,Y, , ,Unknown,,Y,Unknown,,Y,,Y,,Y,"[REDACTED, MAY CONTAIN CONFIDENTIAL BUSINESS INFORMATION]",Y,"[REDACTED, MAY CONTAIN CONFIDENTIAL BUSINESS INFORMATION]",Y
13781-6143,1,"Tesla, Inc.",5-Day,,,AUG-2023,5YJ3E1EA7LF, ,N/A,Tesla,Model 3, ,2020, ,74d2e2a0f2d60ad,65591, ,Consumer,"[REDACTED, MAY CONTAIN CONFIDENTIAL BUSINESS INFORMATION]", ,Y,"[REDACTED, MAY CONTAIN CONFIDENTIAL BUSINESS INFORMATION]", ,Y,"[REDACTED, MAY CONTAIN CONFIDENTIAL BUSINESS INFORMATION]", ,Y,,Y, ,,, ,Y,No,,No,ADAS,, , ,Y, , , , , ,,AUG-2023, ,AUG-2023,09:51, ,58cc38222400492,[MAY CONTAIN PERSONALLY IDENTIFIABLE INFORMATION], ,[MAY CONTAIN PERSONALLY IDENTIFIABLE INFORMATION], ,[MAY CONTAIN PERSONALLY IDENTIFIABLE INFORMATION], ,Edgemont, ,CA ,,Y,Highway / Freeway,Dry,No Unusual Conditions,65, ,Dark - Lighted,Y, , , , , , , ,,Other Fixed Object,Unknown,Yes,,,, , , , , , , , , , , ,Proceeding Straight,Yes,Unknown,Unknown,72, , , ,Y, , ,Y, ,Y,Y,Y, ,Y, ,Y, ,Y,Y, , ,Unknown,,Y,Unknown,,Y,,Y,,Y,"[REDACTED, MAY CONTAIN CONFIDENTIAL BUSINESS INFORMATION]",Y,"[REDACTED, MAY CONTAIN CONFIDENTIAL BUSINESS INFORMATION]",Y
13781-6142,1,"Tesla, Inc.",5-Day,,,AUG-2023,5YJ3E1EA5NF, ,N/A,Tesla,Model 3, ,2022, ,040afa5193e6033,38072, ,Consumer,"[REDACTED, MAY CONTAIN CONFIDENTIAL BUSINESS INFORMATION]", ,Y,"[REDACTED, MAY CONTAIN CONFIDENTIAL BUSINESS INFORMATION]", ,Y,"[REDACTED, MAY CONTAIN CONFIDENTIAL BUSINESS INFORMATION]", ,Y,,Y, ,,, ,Y,No,,No,ADAS,, , ,Y, , , , , ,,AUG-2023, ,AUG-2023,09:40, ,ab6c18fb4e24125,[MAY CONTAIN PERSONALLY IDENTIFIABLE INFORMATION], ,[MAY CONTAIN PERSONALLY IDENTIFIABLE INFORMATION], ,[MAY CONTAIN PERSONALLY IDENTIFIABLE INFORMATION], ,San Mateo, ,CA ,[MAY CONTAIN PERSONALLY IDENTIFIABLE INFORMATION], ,Highway / Freeway,Dry,No Unusual Conditions,55, ,Dark - Lighted,Y, , , , , , , ,,Passenger Car,Unknown,Yes,"Other, see Narrative",Unknown,Unknown, , , , , ,Y, , ,Y, , ,Proceeding Straight,Yes,Unknown,Unknown,72, ,Y,Y, , , , , , , , , ,Y, ,Y, ,Y,Y, , ,Unknown,,Y,Unknown,,Y,,Y,,Y,"[REDACTED, MAY CONTAIN CONFIDENTIAL BUSINESS INFORMATION]",Y,"[REDACTED, MAY CONTAIN CONFIDENTIAL BUSINESS INFORMATION]",Y
13781-6141,1,"Tesla, Inc.",5-Day,,,AUG-2023,7SAYGDEE5PA, ,N/A,Tesla,Model Y, ,2023, ,0b6a0281ee010d3,13546, ,Consumer,"[REDACTED, MAY CONTAIN CONFIDENTIAL BUSINESS INFORMATION]", ,Y,"[REDACTED, MAY CONTAIN CONFIDENTIAL BUSINESS INFORMATION]", ,Y,"[REDACTED, MAY CONTAIN CONFIDENTIAL BUSINESS INFORMATION]", ,Y,,Y, ,,, ,Y,No,,No,ADAS,, , ,Y, , , , , ,,AUG-2023, ,AUG-2023,14:29, ,63cee5e5d8cf27d,[MAY CONTAIN PERSONALLY IDENTIFIABLE INFORMATION], ,[MAY CONTAIN PERSONALLY IDENTIFIABLE INFORMATION], ,[MAY CONTAIN PERSONALLY IDENTIFIABLE INFORMATION], ,Brea, ,CA ,[MAY CONTAIN PERSONALLY IDENTIFIABLE INFORMATION], ,Highway / Freeway,Dry,No Unusual Conditions,65, ,Daylight,Y, , , , , , , ,,Pickup Truck,Unknown,Yes,Proceeding Straight,Unknown,Unknown, , ,Y, , ,Y, , ,Y, , ,"Other, see Narrative",Unknown,Yes,Unknown,1, ,Y, , ,Y, , ,Y, , , , ,Y, ,Y, ,Y,Y, , ,Unknown,,Y,Unknown,,Y,,Y,,Y,"[REDACTED, MAY CONTAIN CONFIDENTIAL BUSINESS INFORMATION]",Y,"[REDACTED, MAY CONTAIN CONFIDENTIAL BUSINESS INFORMATION]",Y
945-5880,2,"Nissan North America, Inc.",Update,,,AUG-2023,JN8BT3BB5NW, ,N/A,Nissan,Rogue, ,2022, ,d2d2d03ac189e4d,10000, ,Consumer,ProPilot Assist, , ,,Y, ,,Y, ,,Y, ,,,Y, ,Unknown,,No,ADAS,, ,Y, , , , , , ,,JUN-2023, ,JUL-2023,06:00, ,a84eef2dfe44978,,Y,,Y,[MAY CONTAIN PERSONALLY IDENTIFIABLE INFORMATION], ,St. Paul, ,MN ,,Y,Intersection,Unknown,Unknown,,Y,Daylight, , , , , , ,Y, ,,Unknown,No Injuries Reported,Yes,Unknown,Unknown,Unknown, , , , , , , , , , ,Y,Unknown,Unknown,Yes,Unknown,,Y, , , , , , , , , , ,Y, , , ,Y, , , , ,Unknown,,Y,Yes,,Y,,Y,,Y,"No, see Narrative", ,"The information contained in this report is based solely on Nissan's understanding of the allegations received during Claimant's discussions with Nissan's Consumer Affairs representatives.  
On 7/[XXX]/2023, Claimant orally reported that she was crossing an intersection while using the ProPilot Assist (PPA) system, the system turned off, she had to apply ""hard brakes,"" but the subject vehicle crashed into another vehicle.  Claimant reported the subject vehicle was towed to a Nissan dealer.
During a follow-up call on 7/[XXX]/2023, Claimant reported that the PPA disengaged automatically after the ""alarm system went off for the brakes"".  The subject vehicle reportedly hit the rear of another vehicle.
During a follow-up call on 7/11/2023, Claimant reported that she is alleging a defect with the engine caused the accident not the PPA.  She reportedly has concerns with the PPA, but not related to this specific accident nor any accident in general.  She reported that the PPA was not in use at the time of this accident.  Nissan requested a vehicle inspection.
On 7/18/2023, Nissan closed the claim file due to the lack of customer response via phone or email. 
As of 8/14/2023, the customer has made no further attempt to contact Nissan regarding the incident, and the investigation is considered closed at this time.",
945-5789,4,"Nissan North America, Inc.",Update,,,AUG-2023,JN1BJ1CP9KW, ,N/A,Nissan,Rogue Sport, ,2019, ,6db10dd1d9c5aac,36080, ,Consumer,ProPilot Assist, , ,,Y, ,,Y, ,,Y, ,,, ,Y,No,,No,ADAS,, ,Y, , , , , , ,,JUN-2023, ,JUN-2023,23:40, ,19118d8ffc20fc4,,Y,,Y,,Y,,Y,CA ,,Y,Highway / Freeway,Unknown,"Other, see Narrative",,Y,Dark - Unknown Lighting, , , , , , ,Y, ,,"Other, see Narrative",Unknown,Yes,"Other, see Narrative",Not Applicable,Not Applicable, , , , , , , , , , ,Y,"Other, see Narrative",Yes,Yes,Unknown,65, , , , , , ,Y, ,Y, , , , , , ,Y, , , , ,Unknown,,Y,Yes,,Y,,Y,,Y,"Unknown, see Narrative", ,"The information contained in this report is based solely on Nissan's understanding of the allegations received during customer's discussions with Nissan Consumer Affairs representatives.  
On 6/[XXX]/2023, Claimant orally reported that he was driving the subject vehicle with ProPilot Assist (PPA) system on when the vehicle began to veer into the other lanes.  Claimant reportedly attempted to turn the PPA system off but the buttons and brakes stopped working, and the vehicle crashed into a tollbooth.  Claimant reported severe damage to the passenger side and front of the vehicle and airbag deployments. Claimant reported bruising injuries and chest pain but stated he had not seen a doctor yet. 
During a follow-up call on 6/[XXX]/2023, the Claimant stated he was traveling from Sacramento towards San Francisco. Claimant alleges he was stuck in traffic and activated the PPA system at 65 mph, but as he approached the bridge for the tollbooth, he began pressing the button to lower speed.  He alleges the vehicle would not slow down, the steering wheel would not turn, and the brake pedal ""became hard"", and the vehicle continued to accelerate. Claimant alleges the wheel finally let go, but the vehicle hit one side of the tollbooth.  Claimant reported he was transported to the hospital via ambulance.  
Nissan has requested a vehicle inspection.
A vehicle inspection was scheduled for July 12th but was cancelled by the claimant on July 11th prior to Nissan picking up the vehicle. Nissan attempted to re-scheduled for July 19th, but the claimant failed to respond to request. From July 12th to July 18th, six attempts were made to contact the claimant with no response.  On July 20th, Nissan closed the claim file due to lack of customer response.  As of August 14th, there has been no further attempt made by the customer to contact Nissan regarding the incident, and the investigation is considered closed at this time.",
13781-6122,1,"Tesla, Inc.",5-Day,,,AUG-2023,5YJ3E1EA3KF, ,N/A,Tesla,Model 3, ,2019, ,de21af1276eebd1,94569, ,Consumer,"[REDACTED, MAY CONTAIN CONFIDENTIAL BUSINESS INFORMATION]", ,Y,"[REDACTED, MAY CONTAIN CONFIDENTIAL BUSINESS INFORMATION]", ,Y,"[REDACTED, MAY CONTAIN CONFIDENTIAL BUSINESS INFORMATION]", ,Y,,Y, ,,, ,Y,No,,No,ADAS,, , ,Y, , , , , ,,JUL-2023, ,AUG-2023,11:23, ,d3a6aa3d9645334,[MAY CONTAIN PERSONALLY IDENTIFIABLE INFORMATION], ,[MAY CONTAIN PERSONALLY IDENTIFIABLE INFORMATION], ,[MAY CONTAIN PERSONALLY IDENTIFIABLE INFORMATION], ,Humble, ,TX ,[MAY CONTAIN PERSONALLY IDENTIFIABLE INFORMATION], ,Intersection,Dry,No Unusual Conditions,45, ,Dawn / Dusk,Y, , , , , , , ,,Passenger Car,Unknown,Yes,"Other, see Narrative",Unknown,Unknown, , ,Y, , ,Y, , , , , ,Proceeding Straight,Yes,Unknown,Unknown,47, , , , , , ,Y, ,Y,Y, , ,Y, ,Y, ,Y,Y, , ,Unknown,,Y,Unknown,,Y,,Y,,Y,"[REDACTED, MAY CONTAIN CONFIDENTIAL BUSINESS INFORMATION]",Y,"[REDACTED, MAY CONTAIN CONFIDENTIAL BUSINESS INFORMATION]",Y
13781-6120,1,"Tesla, Inc.",5-Day,,,AUG-2023,5YJ3E1EB7NF, ,N/A,Tesla,Model 3, ,2022, ,03b08312a1a2de2,33920, ,Consumer,"[REDACTED, MAY CONTAIN CONFIDENTIAL BUSINESS INFORMATION]", ,Y,"[REDACTED, MAY CONTAIN CONFIDENTIAL BUSINESS INFORMATION]", ,Y,"[REDACTED, MAY CONTAIN CONFIDENTIAL BUSINESS INFORMATION]", ,Y,,Y, ,,, ,Y,No,,No,ADAS,, , ,Y, , , , , ,,JUL-2023, ,AUG-2023,01:33, ,9890f7e0fbb4847,[MAY CONTAIN PERSONALLY IDENTIFIABLE INFORMATION], ,[MAY CONTAIN PERSONALLY IDENTIFIABLE INFORMATION], ,[MAY CONTAIN PERSONALLY IDENTIFIABLE INFORMATION], ,Morro Bay, ,CA ,[MAY CONTAIN PERSONALLY IDENTIFIABLE INFORMATION], ,Highway / Freeway,Dry,Traffic Incident,65, ,Daylight,Y, , , , , , , ,,Passenger Car,Unknown,Yes,"Other, see Narrative",Unknown,Unknown, , , , , ,Y, ,Y,Y, , ,"Other, see Narrative",Yes,Unknown,Unknown,41, , , ,Y, , ,Y, , ,Y, , ,Y, ,Y, ,Y,Y, , ,Unknown,,Y,Unknown,,Y,,Y,,Y,"[REDACTED, MAY CONTAIN CONFIDENTIAL BUSINESS INFORMATION]",Y,"[REDACTED, MAY CONTAIN CONFIDENTIAL BUSINESS INFORMATION]",Y
13781-6118,1,"Tesla, Inc.",5-Day,,,AUG-2023,5YJ3E1EA7KF, ,N/A,Tesla,Model 3, ,2019, ,53fccd16af2924e,67042, ,Consumer,"[REDACTED, MAY CONTAIN CONFIDENTIAL BUSINESS INFORMATION]", ,Y,"[REDACTED, MAY CONTAIN CONFIDENTIAL BUSINESS INFORMATION]", ,Y,"[REDACTED, MAY CONTAIN CONFIDENTIAL BUSINESS INFORMATION]", ,Y,,Y, ,,, ,Y,No,,No,ADAS,, , ,Y, , , , , ,,JUL-2023, ,AUG-2023,09:16, ,7a6d3a179cbc7f4,[MAY CONTAIN PERSONALLY IDENTIFIABLE INFORMATION], ,[MAY CONTAIN PERSONALLY IDENTIFIABLE INFORMATION], ,[MAY CONTAIN PERSONALLY IDENTIFIABLE INFORMATION], ,Camp Springs, ,MD ,[MAY CONTAIN PERSONALLY IDENTIFIABLE INFORMATION], ,Highway / Freeway,Dry,No Unusual Conditions,50, ,Dark - Lighted,Y, , , , , , , ,,Other Fixed Object,Unknown,Yes,,,, , , , , , , , , , , ,Proceeding Straight,Yes,Unknown,Unknown,52, , , ,Y, , ,Y, , ,Y,Y, ,Y, ,Y, ,Y,Y, , ,Unknown,,Y,Unknown,,Y,,Y,,Y,"[REDACTED, MAY CONTAIN CONFIDENTIAL BUSINESS INFORMATION]",Y,"[REDACTED, MAY CONTAIN CONFIDENTIAL BUSINESS INFORMATION]",Y
1306-5625,2,Toyota Motor Engineering & Manufacturing,Update,,,AUG-2023,4T1G11AK2NU, ,N/A,Toyota,Camry, ,2022, ,686a93ba6895956,35597, ,Consumer,TSS 2.5+, , ,Due to multiple ECUs no version can be described, , ,Due to multiple ECUs no version can be described, , ,, ,Y,,, ,Y,No,,No,ADAS,, ,Y, , , , , , ,,MAY-2023, ,MAY-2023,17:04, ,ba61904b2f60678,,Y,,Y,[MAY CONTAIN PERSONALLY IDENTIFIABLE INFORMATION], ,Converse, ,TX ,[MAY CONTAIN PERSONALLY IDENTIFIABLE INFORMATION], ,Rural Road,Wet,Unknown,,Y,Unknown, , , , ,Y, , , ,,Pole / Tree,Unknown,Yes,,,, , , , , , , , , , , ,Proceeding Straight,No,Yes,Yes,50, , , ,Y, , ,Y, , ,Y, , ,Y,Y, ,Y, ,Y, , ,Yes,Converse Police Dept., ,Yes,,Y,,Y,,Y,"Unknown, see Narrative", ,"Some entries in this report are based on unconfirmed allegations.
On May [XXX], 2023, Toyota received an allegation related to this crash from a rental car company representative and determined this case is reportable under the SGO. 
The contact record indicates that the rental car representative said the driver alleged the following: The vehicle was being driven by a renter, who claims the Lane Tracing Assist was defective. The driver stated the feature was active, and she was within the lane markings when the feature, ""pulled her into oncoming traffic and caused her to lose control and impact a metal pole."" As a result of the crash, the driver alleged that none of the airbags deployed. The driver was the only occupant. Injuries described as the result of the crash were, ""damage to the sternum,"" for which, ""the driver had to seek out medical treatment."" The highest injury severity alleged cannot be determined based on the injuries allegation details stated above. 
Toyota completed a vehicle inspection and field report for this incident on July 18, 2023. Event Data Recorder (EDR) and Vehicle Control History (VCH) were obtained from the vehicle. EDR provides and approximately 4.75 second pre-crash recording and VCH provides and approximately 7 second pre-crash recording. It was observed that Dynamic Cruise Control (DRCC) and Lane Tracing Assist (LTA) were not engaged in the recorded moments leading up to the crash event. The vehicle was not operating with ADAS L2 engaged.",
1306-6035,1,Toyota Motor Engineering & Manufacturing,5-Day,,,AUG-2023,JTEAAAAH3MJ, ,N/A,Toyota,Venza Hybrid, ,2021, ,c1575d04c9cffe2,27000, ,Consumer,TSS 2.0, , ,Due to multiple ECUs no version can be described, , ,Due to multiple ECUs no version can be described, , ,, ,Y,,, ,Y,No,,No,ADAS,, ,Y, , , , , , ,,AUG-2023, ,AUG-2023,08:00, ,e95298e89e7f7b9,,Y,,Y,[MAY CONTAIN PERSONALLY IDENTIFIABLE INFORMATION], ,Albian, ,MI ,[MAY CONTAIN PERSONALLY IDENTIFIABLE INFORMATION], ,Highway / Freeway,Unknown,Unknown,,Y,Unknown, , , , , , ,Y, ,,Other Fixed Object,No Injuries Reported,Yes,,,, , , , , , , , , , , ,Proceeding Straight,No,Yes,Yes,85, ,Y,Y,Y, , ,Y, , ,Y, , , , , ,Y, , , , ,Unknown,Calhoun County Sheriff, ,Yes,,Y,,Y,,Y,"Unknown, see Narrative", ,"Entries in this report are based on unconfirmed allegations.
On August [XXX], 2023, Toyota received an allegation related to this crash from the vehicle owner and mother of the driver who was operating the vehicle during the crash event. On August 10, 2023, through additional contact with the driver of the vehicle, Toyota was notified that the crash resulted in the vehicle being towed from the scene. 
The contact record indicates that driver alleged the following: the driver alleged that, ""the lane assist malfunctioned while cruise control was on."" The driver stated he was driving on [XXX] (direction unknown) with the ""adaptive cruise control and lane assist turned on"". He stated that he, ""had two hands on the wheel and had a secure grip, when he saw a light on the dashboard for the lane assist and the vehicle just veered to the left."" He, ""attempted to correct the direction but ended up fishtailing and losing control, ultimately hitting a cable barrier that was on the left"" He stated that the cable barrier protected him from going into oncoming traffic, but it damaged the entire left side and front of the vehicle. He also stated that none of the airbags deployed and he was not injured. The police responded, and he had the car towed from the scene to a body shop.",
855-5908,2,"Mercedes-Benz USA, LLC",Update,,,AUG-2023,W1N0G8EB1NV, ,[MAY CONTAIN PERSONALLY IDENTIFIABLE INFORMATION],Mercedes-Benz,GLC 300, ,2022, ,8425905bf5454aa,19160, ,Consumer,DISTRONIC with Active Steering Assist, , ,,Y, ,,Y, ,,Y, ,,, ,Y,No,,No,ADAS,, ,Y, , , , , , ,,JUN-2023, ,JUL-2023,23:30, ,89ea0379b21dccd,,Y,,Y,[MAY CONTAIN PERSONALLY IDENTIFIABLE INFORMATION], ,Bedford, ,PA ,,Y,Unknown,Dry,Unknown,,Y,Unknown,Y, , , , , , , ,,Pole / Tree,No Injuries Reported,Yes,,,, , , , , , , , , , , ,"Other, see Narrative",Yes,Yes,Unknown,,Y, , , , , ,Y, , ,Y, , , , , ,Y, , , , ,Unknown,,Y,No,,Y,,Y,,Y,"Unknown, see Narrative", ,MBUSA learned during its investigation that the vehicle was sold at auction and therefore cannot conduct an inspection nor continue its investigation. The "Reporting Entity or Manufacturer Investigating?" field has been updated from "Yes" to "No" based on this new information. The customer has been informed of the status.,