Report ID,Report Version,Reporting Entity,Report Type,Report Month,Report Year,Report Submission Date,VIN,VIN - Unknown,Serial Number,Make,Model,Model - Unknown,Model Year,Model Year - Unknown,Same Vehicle ID,Mileage,Mileage - Unknown,Driver / Operator Type,ADAS/ADS System Version,ADAS/ADS System Version - Unk,ADAS/ADS System Version CBI,ADAS/ADS Hardware Version,ADAS/ADS Hardware Version - Unk,ADAS/ADS Hardware Version CBI,ADAS/ADS Software Version,ADAS/ADS Software Version - Unk,ADAS/ADS Software Version CBI,Other Reporting Entities?,Other Reporting Entities? - Unk,Other Reporting Entities? - NA,Federal Regulatory Exemption?,Other Federal Reg. Exemption,Federal Reg. Exemption - Unk,Federal Reg. Exemption - No,State or Local Permit?,State or Local Permit,ADS Equipped?,Automation System Engaged?,Operating Entity,Operating Entity - Unknown,Source - Complaint/Claim,Source - Telematics,Source - Law Enforcement,Source - Field Report,Source - Testing,Source - Media,Source - Other,Source - Other Text,Incident Date,Incident Date - Unknown,Notice Received Date,Incident Time (24:00),Incident Time - Unknown,Same Incident ID,Latitude,Latitude - Unknown,Longitude,Longitude - Unknown,Address,Address - Unknown,City,City - Unknown,State,Zip Code,Zip Code - Unknown,Roadway Type,Roadway Surface,Roadway Description,Posted Speed Limit (MPH),Posted Speed Limit - Unknown,Lighting,Weather - Clear,Weather - Snow,Weather - Cloudy,Weather - Fog/Smoke,Weather - Rain,Weather - Severe Wind,Weather - Unknown,Weather - Other,Weather - Other Text,Crash With,Highest Injury Severity Alleged,Property Damage?,CP Pre-Crash Movement,CP Any Air Bags Deployed?,CP Was Vehicle Towed?,CP Contact Area - Rear Left,CP Contact Area - Left,CP Contact Area - Front Left,CP Contact Area - Rear,CP Contact Area - Top,CP Contact Area - Front,CP Contact Area - Rear Right,CP Contact Area - Right,CP Contact Area - Front Right,CP Contact Area - Bottom,CP Contact Area - Unknown,SV Pre-Crash Movement,SV Any Air Bags Deployed?,SV Was Vehicle Towed?,SV Were All Passengers Belted?,SV Precrash Speed (MPH),SV Pre-crash Speed - Unknown,SV Contact Area - Rear Left,SV Contact Area - Left,SV Contact Area - Front Left,SV Contact Area - Rear,SV Contact Area - Top,SV Contact Area - Front,SV Contact Area - Rear Right,SV Contact Area - Right,SV Contact Area - Front Right,SV Contact Area - Bottom,SV Contact Area - Unknown,Data Availability - EDR,Data Availability - Police Rpt,Data Availability - Telematics,Data Availability - Complaints,Data Availability - Video,Data Availability - Other,Data Availability - No Data,Data Availability - Unknown,Law Enforcement Investigating?,Investigating Agency,Investigating Agency - Unknown,Rep Ent Or Mfr Investigating?,Investigating Officer Name,Inv. Officer Name - Unknown,Investigating Officer Phone,Inv. Officer Phone - Unknown,Investigating Officer Email,Inv. Officer Email - Unknown,Within ODD?,Within ODD? - CBI,Narrative,Narrative - CBI?
13781-6049,1,"Tesla, Inc.",5-Day,,,AUG-2023,5YJ3E1EB2KF, ,N/A,Tesla,Model 3, ,2019, ,57c1515ed0145c1,62202, ,Consumer,"[REDACTED, MAY CONTAIN CONFIDENTIAL BUSINESS INFORMATION]", ,Y,"[REDACTED, MAY CONTAIN CONFIDENTIAL BUSINESS INFORMATION]", ,Y,"[REDACTED, MAY CONTAIN CONFIDENTIAL BUSINESS INFORMATION]", ,Y,,Y, ,,, ,Y,No,,No,ADAS,, , ,Y, , , , , ,,AUG-2023, ,AUG-2023,09:43, ,921811a7f41936c,[MAY CONTAIN PERSONALLY IDENTIFIABLE INFORMATION], ,[MAY CONTAIN PERSONALLY IDENTIFIABLE INFORMATION], ,[MAY CONTAIN PERSONALLY IDENTIFIABLE INFORMATION], ,Seattle, ,WA ,[MAY CONTAIN PERSONALLY IDENTIFIABLE INFORMATION], ,Highway / Freeway,Dry,No Unusual Conditions,60, ,Dark - Lighted,Y, , , , , , , ,,Other Fixed Object,Unknown,Yes,,,, , , , , , , , , , , ,Proceeding Straight,Yes,Unknown,Unknown,61, , , , , , ,Y,Y,Y,Y, , ,Y, ,Y, ,Y,Y, , ,Unknown,,Y,Unknown,,Y,,Y,,Y,"[REDACTED, MAY CONTAIN CONFIDENTIAL BUSINESS INFORMATION]",Y,"[REDACTED, MAY CONTAIN CONFIDENTIAL BUSINESS INFORMATION]",Y
13781-6048,1,"Tesla, Inc.",5-Day,,,AUG-2023,7SAYGDEFXPF, ,N/A,Tesla,Model Y, ,2023, ,64c44e10c6b5ac8,5106, ,Consumer,"[REDACTED, MAY CONTAIN CONFIDENTIAL BUSINESS INFORMATION]", ,Y,"[REDACTED, MAY CONTAIN CONFIDENTIAL BUSINESS INFORMATION]", ,Y,"[REDACTED, MAY CONTAIN CONFIDENTIAL BUSINESS INFORMATION]", ,Y,,Y, ,,, ,Y,No,,No,ADAS,, , ,Y, , , , , ,,AUG-2023, ,AUG-2023,09:07, ,52fa41b317479cf,[MAY CONTAIN PERSONALLY IDENTIFIABLE INFORMATION], ,[MAY CONTAIN PERSONALLY IDENTIFIABLE INFORMATION], ,[MAY CONTAIN PERSONALLY IDENTIFIABLE INFORMATION], ,Los Angeles, ,CA ,,Y,Intersection,Dry,No Unusual Conditions,,Y,Dark - Not Lighted,Y, , , , , , , ,,"Other, see Narrative",Unknown,Yes,Unknown,Unknown,Unknown, , , , , , , , , , ,Y,Proceeding Straight,Yes,Unknown,Unknown,48, , , ,Y, , ,Y, , ,Y,Y, ,Y, ,Y, ,Y,Y, , ,Unknown,,Y,Unknown,,Y,,Y,,Y,"[REDACTED, MAY CONTAIN CONFIDENTIAL BUSINESS INFORMATION]",Y,"[REDACTED, MAY CONTAIN CONFIDENTIAL BUSINESS INFORMATION]",Y
13781-6047,1,"Tesla, Inc.",5-Day,,,AUG-2023,5YJYGDEEXLF, ,N/A,Tesla,Model Y, ,2020, ,a14c9ed7c989327,18029, ,Consumer,"[REDACTED, MAY CONTAIN CONFIDENTIAL BUSINESS INFORMATION]", ,Y,"[REDACTED, MAY CONTAIN CONFIDENTIAL BUSINESS INFORMATION]", ,Y,"[REDACTED, MAY CONTAIN CONFIDENTIAL BUSINESS INFORMATION]", ,Y,,Y, ,,, ,Y,No,,No,ADAS,, , ,Y, , , , , ,,JUL-2023, ,AUG-2023,19:38, ,a68ca593b9442d0,[MAY CONTAIN PERSONALLY IDENTIFIABLE INFORMATION], ,[MAY CONTAIN PERSONALLY IDENTIFIABLE INFORMATION], ,[MAY CONTAIN PERSONALLY IDENTIFIABLE INFORMATION], ,Bloomington, ,IL ,[MAY CONTAIN PERSONALLY IDENTIFIABLE INFORMATION], ,Intersection,Dry,No Unusual Conditions,35, ,Daylight,Y, , , , , , , ,,Pickup Truck,Unknown,Yes,"Other, see Narrative",Unknown,Unknown, , ,Y, , ,Y, , ,Y, , ,Proceeding Straight,Yes,Unknown,Unknown,22, , , , , , , ,Y,Y,Y, , ,Y, ,Y, ,Y,Y, , ,Unknown,,Y,Unknown,,Y,,Y,,Y,"[REDACTED, MAY CONTAIN CONFIDENTIAL BUSINESS INFORMATION]",Y,"[REDACTED, MAY CONTAIN CONFIDENTIAL BUSINESS INFORMATION]",Y
13781-6046,1,"Tesla, Inc.",5-Day,,,AUG-2023,5YJXCAE47GF, ,N/A,Tesla,Model X, ,2016, ,f8b5c58bf46dc3a,,Y,Consumer,"[REDACTED, MAY CONTAIN CONFIDENTIAL BUSINESS INFORMATION]", ,Y,"[REDACTED, MAY CONTAIN CONFIDENTIAL BUSINESS INFORMATION]", ,Y,"[REDACTED, MAY CONTAIN CONFIDENTIAL BUSINESS INFORMATION]", ,Y,,Y, ,,, ,Y,No,,No,ADAS,, , , , , , ,Y, ,,AUG-2023, ,AUG-2023,,Y,1ede12d4d41bd24,[MAY CONTAIN PERSONALLY IDENTIFIABLE INFORMATION], ,[MAY CONTAIN PERSONALLY IDENTIFIABLE INFORMATION], ,[MAY CONTAIN PERSONALLY IDENTIFIABLE INFORMATION], ,Allenhurst, ,NJ ,[MAY CONTAIN PERSONALLY IDENTIFIABLE INFORMATION], ,Unknown,Unknown,Unknown,35, ,Unknown, , , , , , ,Y, ,,Unknown,Unknown,Yes,Unknown,Unknown,Unknown, , , , , , , , , , ,Y,Unknown,Unknown,Yes,Unknown,34, , , , , , , , , , , ,Y, , ,Y, , , , , ,Unknown,,Y,Unknown,,Y,,Y,,Y,"[REDACTED, MAY CONTAIN CONFIDENTIAL BUSINESS INFORMATION]",Y,"[REDACTED, MAY CONTAIN CONFIDENTIAL BUSINESS INFORMATION]",Y
13781-6014,1,"Tesla, Inc.",5-Day,,,AUG-2023,5YJ3E1EB0LF, ,N/A,Tesla,Model 3, ,2020, ,116f7cb4a5d6a3f,47479, ,Consumer,"[REDACTED, MAY CONTAIN CONFIDENTIAL BUSINESS INFORMATION]", ,Y,"[REDACTED, MAY CONTAIN CONFIDENTIAL BUSINESS INFORMATION]", ,Y,"[REDACTED, MAY CONTAIN CONFIDENTIAL BUSINESS INFORMATION]", ,Y,,Y, ,,, ,Y,No,,No,ADAS,, , ,Y, , , , , ,,JUL-2023, ,JUL-2023,11:39, ,e1be7aae5a358ab,[MAY CONTAIN PERSONALLY IDENTIFIABLE INFORMATION], ,[MAY CONTAIN PERSONALLY IDENTIFIABLE INFORMATION], ,[MAY CONTAIN PERSONALLY IDENTIFIABLE INFORMATION], ,Fremont, ,CA ,[MAY CONTAIN PERSONALLY IDENTIFIABLE INFORMATION], ,Highway / Freeway,Dry,Unknown,65, ,Dark - Lighted,Y, , , , , , , ,,Other Fixed Object,Unknown,Yes,,,, , , , , , , , , , , ,Proceeding Straight,Yes,Unknown,Unknown,65, , , ,Y, , ,Y, , ,Y,Y, ,Y, ,Y, ,Y,Y, , ,Unknown,,Y,Unknown,,Y,,Y,,Y,"[REDACTED, MAY CONTAIN CONFIDENTIAL BUSINESS INFORMATION]",Y,"[REDACTED, MAY CONTAIN CONFIDENTIAL BUSINESS INFORMATION]",Y
540-6009,1,"General Motors, LLC",5-Day,,,AUG-2023,1G1FZ6S08P4, ,N/A,Chevrolet,Bolt EUV, ,2023, ,e0c98b7b0379d32,22642, ,Consumer,Level 2, , ,,Y, ,,Y, ,, ,Y,,, ,Y,No,,No,ADAS,, , ,Y, , , , ,Y,OnStar call recording,JUL-2023, ,JUL-2023,00:23, ,90df04acab5f118,[MAY CONTAIN PERSONALLY IDENTIFIABLE INFORMATION], ,[MAY CONTAIN PERSONALLY IDENTIFIABLE INFORMATION], ,[MAY CONTAIN PERSONALLY IDENTIFIABLE INFORMATION], ,Cleveland, ,OH ,[MAY CONTAIN PERSONALLY IDENTIFIABLE INFORMATION], ,Highway / Freeway,Dry,No Unusual Conditions,70, ,Dark - Lighted,Y, , , , , , , ,,Other Fixed Object,Unknown,Yes,,,, , , , , , , , , , , ,Lane / Road Departure,Yes,Unknown,Unknown,9, , , , , , , , ,Y,Y, , , , ,Y, , ,Y, , ,Unknown,,Y,No,,Y,,Y,,Y,Yes, ,"At 12:23 AM, July [XXX], 2023, a Chevrolet Bolt EUV was traveling south on [XXX] near the [XXX] in Cleveland, Ohio.  The vehicle struck the right-hand highway cement barrier.  Based on the crash data, there was sufficient lateral input to deploy the side airbags, suggesting the vehicle's right side front quarter panel and passenger door made contact with the barrier.  Crash data indicates that Super Cruise was last active approximately 22 seconds prior to the crash.  At that time, steering wheel input caused an override of the Super Cruise system.  The crash occurred at 00:23:48.  A pre-crash speed of 9.4 mph was the last vehicle speed recorded, approximately 2 seconds prior to the crash.",
13781-5996,2,"Tesla, Inc.",10-Day Update,,,AUG-2023,7SAYGDEEXPA, ,N/A,Tesla,Model Y, ,2023, ,26b170474c156df,8030, ,Consumer,"[REDACTED, MAY CONTAIN CONFIDENTIAL BUSINESS INFORMATION]", ,Y,"[REDACTED, MAY CONTAIN CONFIDENTIAL BUSINESS INFORMATION]", ,Y,"[REDACTED, MAY CONTAIN CONFIDENTIAL BUSINESS INFORMATION]", ,Y,,Y, ,,, ,Y,No,,No,ADAS,, , , , ,Y, ,Y, ,,JUL-2023, ,JUL-2023,22:32, ,02cd7470daf14dd,,Y,,Y,[MAY CONTAIN PERSONALLY IDENTIFIABLE INFORMATION], ,Warrenton, ,VA ,,Y,Highway / Freeway,Unknown,Unknown,,Y,Unknown, , , , , , ,Y, ,,Heavy Truck,Fatality,Yes,Entering Traffic,Unknown,Unknown, , , , , , , , , , ,Y,Proceeding Straight,Yes,Yes,Unknown,56, , , , , , , , , , , ,Y,Y, , , , ,Y, , ,Yes,Fauquier County Sheriff, ,Unknown,[MAY CONTAIN PERSONALLY IDENTIFIABLE INFORMATION], ,,Y,,Y,"[REDACTED, MAY CONTAIN CONFIDENTIAL BUSINESS INFORMATION]",Y,"[REDACTED, MAY CONTAIN CONFIDENTIAL BUSINESS INFORMATION]",Y
13781-6001,1,"Tesla, Inc.",5-Day,,,JUL-2023,5YJ3E1EBXMF, ,N/A,Tesla,Model 3, ,2021, ,05251a55f295e88,,Y,Consumer,"[REDACTED, MAY CONTAIN CONFIDENTIAL BUSINESS INFORMATION]", ,Y,"[REDACTED, MAY CONTAIN CONFIDENTIAL BUSINESS INFORMATION]", ,Y,"[REDACTED, MAY CONTAIN CONFIDENTIAL BUSINESS INFORMATION]", ,Y,,Y, ,,, ,Y,No,,No,ADAS,, ,Y, , , , , , ,,JUL-2023, ,JUL-2023,,Y,16391e870a1d9a5,,Y,,Y,[MAY CONTAIN PERSONALLY IDENTIFIABLE INFORMATION], ,,Y,UNK,,Y,Highway / Freeway,Unknown,Unknown,,Y,Unknown, , , , , , ,Y, ,,SUV,Unknown,Yes,"Other, see Narrative",Yes,Unknown, , , , , , , , , , ,Y,"Other, see Narrative",Unknown,Yes,Unknown,20, , , , , , , , , , , ,Y, , , ,Y, ,Y, , ,Unknown,,Y,Unknown,,Y,,Y,,Y,"[REDACTED, MAY CONTAIN CONFIDENTIAL BUSINESS INFORMATION]",Y,"[REDACTED, MAY CONTAIN CONFIDENTIAL BUSINESS INFORMATION]",Y
13781-6000,1,"Tesla, Inc.",5-Day,,,JUL-2023,5YJ3E1EB8NF, ,N/A,Tesla,Model 3, ,2022, ,e2b3ff293cdf591,,Y,Consumer,"[REDACTED, MAY CONTAIN CONFIDENTIAL BUSINESS INFORMATION]", ,Y,"[REDACTED, MAY CONTAIN CONFIDENTIAL BUSINESS INFORMATION]", ,Y,"[REDACTED, MAY CONTAIN CONFIDENTIAL BUSINESS INFORMATION]", ,Y,,Y, ,,, ,Y,No,,No,ADAS,, , , , , , ,Y, ,,JUL-2023, ,JUL-2023,20:23, ,0d62c96d636e7c9,,Y,,Y,[MAY CONTAIN PERSONALLY IDENTIFIABLE INFORMATION], ,Wilmington, ,NC ,,Y,Highway / Freeway,Unknown,Unknown,,Y,Unknown, , , , , , ,Y, ,,Unknown,Unknown,Yes,Unknown,Unknown,Unknown, , , , , , , , , , ,Y,Unknown,Unknown,Yes,Unknown,77, , , , , , , , , , , ,Y, , , , , ,Y, , ,Unknown,,Y,Unknown,,Y,,Y,,Y,"[REDACTED, MAY CONTAIN CONFIDENTIAL BUSINESS INFORMATION]",Y,"[REDACTED, MAY CONTAIN CONFIDENTIAL BUSINESS INFORMATION]",Y
13781-5995,1,"Tesla, Inc.",5-Day,,,JUL-2023,7SAYGDEE1NA, ,N/A,Tesla,Model Y, ,2022, ,2bae3303cfd2454,15697, ,Consumer,"[REDACTED, MAY CONTAIN CONFIDENTIAL BUSINESS INFORMATION]", ,Y,"[REDACTED, MAY CONTAIN CONFIDENTIAL BUSINESS INFORMATION]", ,Y,"[REDACTED, MAY CONTAIN CONFIDENTIAL BUSINESS INFORMATION]", ,Y,,Y, ,,, ,Y,No,,No,ADAS,, , ,Y, , , , , ,,JUL-2023, ,JUL-2023,15:18, ,8515f2ab0f0363a,[MAY CONTAIN PERSONALLY IDENTIFIABLE INFORMATION], ,[MAY CONTAIN PERSONALLY IDENTIFIABLE INFORMATION], ,[MAY CONTAIN PERSONALLY IDENTIFIABLE INFORMATION], ,Gainesville, ,FL ,[MAY CONTAIN PERSONALLY IDENTIFIABLE INFORMATION], ,Intersection,Dry,No Unusual Conditions,35, ,Daylight, , , , , , , ,Y,Partly Cloudy,SUV,Unknown,Yes,Proceeding Straight,Unknown,Unknown, , ,Y, , ,Y, , ,Y, , ,Proceeding Straight,Yes,Unknown,Unknown,31, , ,Y,Y, , ,Y, , , , , ,Y, ,Y, ,Y,Y, , ,Unknown,,Y,Unknown,,Y,,Y,,Y,"[REDACTED, MAY CONTAIN CONFIDENTIAL BUSINESS INFORMATION]",Y,"[REDACTED, MAY CONTAIN CONFIDENTIAL BUSINESS INFORMATION]",Y
13781-5986,2,"Tesla, Inc.",10-Day Update,,,JUL-2023,5YJ3E1EA2MF, ,N/A,Tesla,Model 3, ,2021, ,542922146b47409,48570, ,Consumer,"[REDACTED, MAY CONTAIN CONFIDENTIAL BUSINESS INFORMATION]",Y,Y,"[REDACTED, MAY CONTAIN CONFIDENTIAL BUSINESS INFORMATION]", ,Y,"[REDACTED, MAY CONTAIN CONFIDENTIAL BUSINESS INFORMATION]", ,Y,,Y, ,,, ,Y,No,,No,"Unknown, see Narrative",, ,Y, , , , , , ,,APR-2023, ,JUL-2023,,Y,bee279c62450c14,,Y,,Y,,Y,,Y,UNK,,Y,Unknown,Unknown,Unknown,,Y,Unknown, , , , , , ,Y, ,,Non-Motorist: Pedestrian,Moderate,Yes,Unknown,,, , , , , , , , , , , ,"Other, see Narrative",No,Yes,Unknown,,Y, , , , , , , , , , ,Y, , , , , ,Y, , ,Yes,,Y,Unknown,,Y,,Y,,Y,"[REDACTED, MAY CONTAIN CONFIDENTIAL BUSINESS INFORMATION]",Y,"[REDACTED, MAY CONTAIN CONFIDENTIAL BUSINESS INFORMATION]",Y
13781-5985,1,"Tesla, Inc.",5-Day,,,JUL-2023,5YJ3E1EA9PF, ,N/A,Tesla,Model 3, ,2023, ,94418f34f04d46b,9232, ,Consumer,"[REDACTED, MAY CONTAIN CONFIDENTIAL BUSINESS INFORMATION]", ,Y,"[REDACTED, MAY CONTAIN CONFIDENTIAL BUSINESS INFORMATION]", ,Y,"[REDACTED, MAY CONTAIN CONFIDENTIAL BUSINESS INFORMATION]", ,Y,,Y, ,,, ,Y,No,,No,ADAS,, , ,Y, , , , , ,,JUL-2023, ,JUL-2023,17:36, ,0a0ce89450005f8,[MAY CONTAIN PERSONALLY IDENTIFIABLE INFORMATION], ,[MAY CONTAIN PERSONALLY IDENTIFIABLE INFORMATION], ,[MAY CONTAIN PERSONALLY IDENTIFIABLE INFORMATION], ,Stone Ridge, ,VA ,[MAY CONTAIN PERSONALLY IDENTIFIABLE INFORMATION], ,Street,Dry,Unknown,25, ,Daylight,Y, , , , , , , ,,Unknown,Unknown,Yes,Unknown,Unknown,Unknown, , , , , , , , , , ,Y,Proceeding Straight,No,Yes,Unknown,25, , , , , , , , , , , ,Y, , ,Y, ,Y, , , ,Unknown,,Y,Unknown,,Y,,Y,,Y,"[REDACTED, MAY CONTAIN CONFIDENTIAL BUSINESS INFORMATION]",Y,"[REDACTED, MAY CONTAIN CONFIDENTIAL BUSINESS INFORMATION]",Y
13781-5984,1,"Tesla, Inc.",5-Day,,,JUL-2023,7SAYGDEE1PF, ,N/A,Tesla,Model Y, ,2023, ,efaa62302c33363,6011, ,Consumer,"[REDACTED, MAY CONTAIN CONFIDENTIAL BUSINESS INFORMATION]", ,Y,"[REDACTED, MAY CONTAIN CONFIDENTIAL BUSINESS INFORMATION]", ,Y,"[REDACTED, MAY CONTAIN CONFIDENTIAL BUSINESS INFORMATION]", ,Y,,Y, ,,, ,Y,No,,No,ADAS,, , ,Y, , , , , ,,JUL-2023, ,JUL-2023,15:20, ,6daa4f2372c3efc,[MAY CONTAIN PERSONALLY IDENTIFIABLE INFORMATION], ,[MAY CONTAIN PERSONALLY IDENTIFIABLE INFORMATION], ,[MAY CONTAIN PERSONALLY IDENTIFIABLE INFORMATION], ,Summit, ,IL ,[MAY CONTAIN PERSONALLY IDENTIFIABLE INFORMATION], ,Highway / Freeway,Dry,No Unusual Conditions,55, ,Daylight, , , , , , , ,Y,Partly Cloudy,Heavy Truck,Unknown,Yes,Proceeding Straight,Unknown,Unknown, , ,Y, , ,Y, , ,Y, , ,"Other, see Narrative",No,Yes,Unknown,8, ,Y, , ,Y, , ,Y, , , , ,Y, ,Y, ,Y,Y, , ,Unknown,,Y,Unknown,,Y,,Y,,Y,"[REDACTED, MAY CONTAIN CONFIDENTIAL BUSINESS INFORMATION]",Y,"[REDACTED, MAY CONTAIN CONFIDENTIAL BUSINESS INFORMATION]",Y
13781-5983,1,"Tesla, Inc.",5-Day,,,JUL-2023,5YJ3E1EA0JF, ,N/A,Tesla,Model 3, ,2018, ,afcd7cf3da52979,84172, ,Consumer,"[REDACTED, MAY CONTAIN CONFIDENTIAL BUSINESS INFORMATION]", ,Y,"[REDACTED, MAY CONTAIN CONFIDENTIAL BUSINESS INFORMATION]", ,Y,"[REDACTED, MAY CONTAIN CONFIDENTIAL BUSINESS INFORMATION]", ,Y,,Y, ,,, ,Y,No,,No,ADAS,, , ,Y, , , , , ,,JUL-2023, ,JUL-2023,21:21, ,02a7bf2c7443cbc,[MAY CONTAIN PERSONALLY IDENTIFIABLE INFORMATION], ,[MAY CONTAIN PERSONALLY IDENTIFIABLE INFORMATION], ,[MAY CONTAIN PERSONALLY IDENTIFIABLE INFORMATION], ,Boca Raton, ,FL ,[MAY CONTAIN PERSONALLY IDENTIFIABLE INFORMATION], ,Highway / Freeway,Wet,No Unusual Conditions,65, ,Daylight, , ,Y, ,Y, , , ,,Other Fixed Object,Unknown,Yes,,,, , , , , , , , , , , ,Proceeding Straight,Yes,Unknown,Unknown,57, , , ,Y, , ,Y, , ,Y, , ,Y, ,Y, ,Y,Y, , ,Unknown,,Y,Unknown,,Y,,Y,,Y,"[REDACTED, MAY CONTAIN CONFIDENTIAL BUSINESS INFORMATION]",Y,"[REDACTED, MAY CONTAIN CONFIDENTIAL BUSINESS INFORMATION]",Y
13781-5978,1,"Tesla, Inc.",5-Day,,,JUL-2023,5YJ3E1EB2KF, ,N/A,Tesla,Model 3, ,2019, ,bd655829f0ac2d0,46041, ,Consumer,"[REDACTED, MAY CONTAIN CONFIDENTIAL BUSINESS INFORMATION]", ,Y,"[REDACTED, MAY CONTAIN CONFIDENTIAL BUSINESS INFORMATION]", ,Y,"[REDACTED, MAY CONTAIN CONFIDENTIAL BUSINESS INFORMATION]", ,Y,,Y, ,,, ,Y,No,,No,ADAS,, , ,Y, , , , , ,,JUL-2023, ,JUL-2023,11:40, ,b6f72fb39cb7747,[MAY CONTAIN PERSONALLY IDENTIFIABLE INFORMATION], ,[MAY CONTAIN PERSONALLY IDENTIFIABLE INFORMATION], ,[MAY CONTAIN PERSONALLY IDENTIFIABLE INFORMATION], ,Naperville, ,IL ,[MAY CONTAIN PERSONALLY IDENTIFIABLE INFORMATION], ,Unknown,Unknown,Unknown,60, ,Unknown, , , , , , ,Y, ,,Unknown,Unknown,Yes,Unknown,Unknown,Unknown, , , , , , , , , , ,Y,Proceeding Straight,Yes,Unknown,Unknown,63, , , , , , , , , , , ,Y,Y, ,Y, , ,Y, , ,Unknown,,Y,Unknown,,Y,,Y,,Y,"[REDACTED, MAY CONTAIN CONFIDENTIAL BUSINESS INFORMATION]",Y,"[REDACTED, MAY CONTAIN CONFIDENTIAL BUSINESS INFORMATION]",Y
13781-5977,1,"Tesla, Inc.",5-Day,,,JUL-2023,7SAYGDEEXPF, ,N/A,Tesla,Model Y, ,2023, ,402a3e4268f05b5,7572, ,Consumer,"[REDACTED, MAY CONTAIN CONFIDENTIAL BUSINESS INFORMATION]", ,Y,"[REDACTED, MAY CONTAIN CONFIDENTIAL BUSINESS INFORMATION]", ,Y,"[REDACTED, MAY CONTAIN CONFIDENTIAL BUSINESS INFORMATION]", ,Y,,Y, ,,, ,Y,No,,No,ADAS,, , ,Y, , , , , ,,JUL-2023, ,JUL-2023,10:56, ,96356cd51378d26,[MAY CONTAIN PERSONALLY IDENTIFIABLE INFORMATION], ,[MAY CONTAIN PERSONALLY IDENTIFIABLE INFORMATION], ,[MAY CONTAIN PERSONALLY IDENTIFIABLE INFORMATION], ,San Diego, ,CA ,[MAY CONTAIN PERSONALLY IDENTIFIABLE INFORMATION], ,Highway / Freeway,Dry,No Unusual Conditions,65, ,Dark - Lighted, , ,Y, , , , , ,,Other Fixed Object,Unknown,Yes,,,, , , , , , , , , , , ,Proceeding Straight,Yes,Unknown,Unknown,50, ,Y,Y,Y, , ,Y, , , , , ,Y, ,Y, ,Y,Y, , ,Unknown,,Y,Unknown,,Y,,Y,,Y,"[REDACTED, MAY CONTAIN CONFIDENTIAL BUSINESS INFORMATION]",Y,"[REDACTED, MAY CONTAIN CONFIDENTIAL BUSINESS INFORMATION]",Y
13781-5976,1,"Tesla, Inc.",5-Day,,,JUL-2023,7SAXCAE58NF, ,N/A,Tesla,Model X, ,2022, ,96957917f0c54b3,25357, ,Consumer,"[REDACTED, MAY CONTAIN CONFIDENTIAL BUSINESS INFORMATION]", ,Y,"[REDACTED, MAY CONTAIN CONFIDENTIAL BUSINESS INFORMATION]", ,Y,"[REDACTED, MAY CONTAIN CONFIDENTIAL BUSINESS INFORMATION]", ,Y,,Y, ,,, ,Y,No,,No,ADAS,, , ,Y, , , , , ,,JUL-2023, ,JUL-2023,07:04, ,fbd141f7a5bdbb3,[MAY CONTAIN PERSONALLY IDENTIFIABLE INFORMATION], ,[MAY CONTAIN PERSONALLY IDENTIFIABLE INFORMATION], ,[MAY CONTAIN PERSONALLY IDENTIFIABLE INFORMATION], ,Los Angeles, ,CA ,[MAY CONTAIN PERSONALLY IDENTIFIABLE INFORMATION], ,Highway / Freeway,Dry,Unknown,65, ,Dark - Not Lighted,Y, , , , , , , ,,Unknown,Unknown,Yes,Unknown,Unknown,Unknown, , , , , , , , , , ,Y,Proceeding Straight,Yes,Unknown,Unknown,65, , , , , , , , , , , ,Y,Y, ,Y, ,Y,Y, , ,Unknown,,Y,Unknown,,Y,,Y,,Y,"[REDACTED, MAY CONTAIN CONFIDENTIAL BUSINESS INFORMATION]",Y,"[REDACTED, MAY CONTAIN CONFIDENTIAL BUSINESS INFORMATION]",Y
13781-5975,1,"Tesla, Inc.",5-Day,,,JUL-2023,5YJ3E1EB4LF, ,N/A,Tesla,Model 3, ,2020, ,132c9a615c7ea5f,85459, ,Consumer,"[REDACTED, MAY CONTAIN CONFIDENTIAL BUSINESS INFORMATION]", ,Y,"[REDACTED, MAY CONTAIN CONFIDENTIAL BUSINESS INFORMATION]", ,Y,"[REDACTED, MAY CONTAIN CONFIDENTIAL BUSINESS INFORMATION]", ,Y,,Y, ,,, ,Y,No,,No,ADAS,, , ,Y, , , , , ,,JUL-2023, ,JUL-2023,18:46, ,c85775ae7e7c0b0,[MAY CONTAIN PERSONALLY IDENTIFIABLE INFORMATION], ,[MAY CONTAIN PERSONALLY IDENTIFIABLE INFORMATION], ,[MAY CONTAIN PERSONALLY IDENTIFIABLE INFORMATION], ,Genoa, ,IL ,[MAY CONTAIN PERSONALLY IDENTIFIABLE INFORMATION], ,Intersection,Dry,No Unusual Conditions,55, ,Daylight, , ,Y, , , , , ,,Heavy Truck,Unknown,Yes,"Other, see Narrative",Unknown,Unknown, , , , , , ,Y,Y,Y, , ,Proceeding Straight,Yes,Unknown,Unknown,55, , , ,Y, , ,Y, , ,Y, , ,Y, ,Y, ,Y,Y, , ,Unknown,,Y,Unknown,,Y,,Y,,Y,"[REDACTED, MAY CONTAIN CONFIDENTIAL BUSINESS INFORMATION]",Y,"[REDACTED, MAY CONTAIN CONFIDENTIAL BUSINESS INFORMATION]",Y