Report ID,Report Version,Reporting Entity,Report Type,Report Month,Report Year,Report Submission Date,VIN,VIN - Unknown,Serial Number,Make,Model,Model - Unknown,Model Year,Model Year - Unknown,Same Vehicle ID,Mileage,Mileage - Unknown,Driver / Operator Type,ADAS/ADS System Version,ADAS/ADS System Version - Unk,ADAS/ADS System Version CBI,ADAS/ADS Hardware Version,ADAS/ADS Hardware Version - Unk,ADAS/ADS Hardware Version CBI,ADAS/ADS Software Version,ADAS/ADS Software Version - Unk,ADAS/ADS Software Version CBI,Other Reporting Entities?,Other Reporting Entities? - Unk,Other Reporting Entities? - NA,Federal Regulatory Exemption?,Other Federal Reg. Exemption,Federal Reg. Exemption - Unk,Federal Reg. Exemption - No,State or Local Permit?,State or Local Permit,ADS Equipped?,Automation System Engaged?,Operating Entity,Operating Entity - Unknown,Source - Complaint/Claim,Source - Telematics,Source - Law Enforcement,Source - Field Report,Source - Testing,Source - Media,Source - Other,Source - Other Text,Incident Date,Incident Date - Unknown,Notice Received Date,Incident Time (24:00),Incident Time - Unknown,Same Incident ID,Latitude,Latitude - Unknown,Longitude,Longitude - Unknown,Address,Address - Unknown,City,City - Unknown,State,Zip Code,Zip Code - Unknown,Roadway Type,Roadway Surface,Roadway Description,Posted Speed Limit (MPH),Posted Speed Limit - Unknown,Lighting,Weather - Clear,Weather - Snow,Weather - Cloudy,Weather - Fog/Smoke,Weather - Rain,Weather - Severe Wind,Weather - Unknown,Weather - Other,Weather - Other Text,Crash With,Highest Injury Severity Alleged,Property Damage?,CP Pre-Crash Movement,CP Any Air Bags Deployed?,CP Was Vehicle Towed?,CP Contact Area - Rear Left,CP Contact Area - Left,CP Contact Area - Front Left,CP Contact Area - Rear,CP Contact Area - Top,CP Contact Area - Front,CP Contact Area - Rear Right,CP Contact Area - Right,CP Contact Area - Front Right,CP Contact Area - Bottom,CP Contact Area - Unknown,SV Pre-Crash Movement,SV Any Air Bags Deployed?,SV Was Vehicle Towed?,SV Were All Passengers Belted?,SV Precrash Speed (MPH),SV Pre-crash Speed - Unknown,SV Contact Area - Rear Left,SV Contact Area - Left,SV Contact Area - Front Left,SV Contact Area - Rear,SV Contact Area - Top,SV Contact Area - Front,SV Contact Area - Rear Right,SV Contact Area - Right,SV Contact Area - Front Right,SV Contact Area - Bottom,SV Contact Area - Unknown,Data Availability - EDR,Data Availability - Police Rpt,Data Availability - Telematics,Data Availability - Complaints,Data Availability - Video,Data Availability - Other,Data Availability - No Data,Data Availability - Unknown,Law Enforcement Investigating?,Investigating Agency,Investigating Agency - Unknown,Rep Ent Or Mfr Investigating?,Investigating Officer Name,Inv. Officer Name - Unknown,Investigating Officer Phone,Inv. Officer Phone - Unknown,Investigating Officer Email,Inv. Officer Email - Unknown,Within ODD?,Within ODD? - CBI,Narrative,Narrative - CBI?
1243-4978,3,"Subaru of America, Inc.",Update,4,2023,APR-2023,4S4BTGPD4M3, ,N/A,Subaru,Outback, ,2021, ,5addc554375f25d,31637, ,Consumer,,Y, ,, , ,, , ,, , ,,, , ,,,No,ADAS,, ,Y, , , , , , ,,NOV-2022, ,MAR-2023,00:30, ,2115df22db57e5a,[MAY CONTAIN PERSONALLY IDENTIFIABLE INFORMATION], ,[MAY CONTAIN PERSONALLY IDENTIFIABLE INFORMATION], ,[MAY CONTAIN PERSONALLY IDENTIFIABLE INFORMATION], ,Shallotte, ,NC ,[MAY CONTAIN PERSONALLY IDENTIFIABLE INFORMATION], ,Highway / Freeway,Unknown,Unknown,55, ,Dark - Not Lighted,Y, , , , , , , ,,"Other, see Narrative",Moderate,Yes,"Other, see Narrative",Not Applicable,Not Applicable, , , , , , , , , , ,Y,Proceeding Straight,No,No,Yes,74, , , ,Y, , ,Y, , ,Y, , , ,Y,Y, , , , , ,Unknown,,Y,Yes,,Y,,Y,,Y,"[REDACTED, MAY CONTAIN CONFIDENTIAL BUSINESS INFORMATION]",Y,"The subject vehicle was travelling at an unknown speed on [XXX], Shallotte NC at approx. 12:30 AM on 11/[XXX]/2023 in a 55 MPH zone. In an accident questionnaire submitted 3/7/2023, the customer indicated that Adaptive Cruise Control (ACC) and Lane Centering (LC) were engaged. The customer alleged that his infotainment screen went blank and his Eyesight, auto braking, and other safety features were disabled just prior to the crash.  According to the customer's statement, the vehicle was rounding a curve in the road when the driver noticed a trampoline in the lane of travel. The customer stated that he was unable to stop in time and the subject vehicle swerved off the road and into a gully, where it sustained front end damage. The customer initially stated that there were no injuries other than a few minor bruises and bumps from the seatbelts. However, the customer later alleged that his wife had suffered broken ribs. No airbags were deployed and the vehicle was towed from the scene. The customer further stated there were police already at the scene responding to the road debris.
A police report indicates that the subject vehicle was traveling Northbound on [XXX] at 45 MPH when it collided with a trampoline in the roadway. The vehicle then left the roadway to the right and impacted a ditch with the front bumper. The report further shows that the vehicle was drivable and not towed from the scene. Damage was reported as being across the front and rated a 2 out of 7 in severity. The report also indicates that there were no reported injuries to either occupant.
Subaru inspected the subject vehicle on 3/28/2023.[REDACTED, MAY CONTAIN CONFIDENTIAL BUSINESS INFORMATION] 
Based on the results of the inspection, the data acquired and the supplier analysis of the infotainment unit data log files, the screen did not blank out at the time of the incident. Therefore, the EyeSight safety systems were not disabled. Pre-collision braking did not activate due to evasive maneuvers performed by the driver of the vehicle. Similarly, ACC and LC would have cancelled upon determining the driver's actions as being evasive maneuvers in order to return full vehicle control to the driver.",Y
1243-4930,4,"Subaru of America, Inc.",Update,4,2023,APR-2023,4S4BTGPD9M3, ,N/A,Subaru,Outback, ,2021, ,3a96d26e4b4b593,27013, ,Consumer,,Y, ,, , ,, , ,, , ,,, , ,,,No,ADAS,, ,Y, , , , , , ,,FEB-2023, ,FEB-2023,09:40, ,cee51edc6bfaf71,[MAY CONTAIN PERSONALLY IDENTIFIABLE INFORMATION], ,[MAY CONTAIN PERSONALLY IDENTIFIABLE INFORMATION], ,[MAY CONTAIN PERSONALLY IDENTIFIABLE INFORMATION], ,Jefferson, ,NC ,[MAY CONTAIN PERSONALLY IDENTIFIABLE INFORMATION], ,Rural Road,Unknown,Unknown,55, ,Daylight, , ,Y, , , , , ,,Heavy Truck,No Injuries Reported,Yes,Unknown,Unknown,Unknown, , , , , , , , , , ,Y,"Other, see Narrative",No,Yes,Yes,45, , , ,Y, , , , , , , , ,Y, ,Y, , , , , ,Unknown,,Y,Yes,,Y,,Y,,Y,"[REDACTED, MAY CONTAIN CONFIDENTIAL BUSINESS INFORMATION]",Y,"[REDACTED, MAY CONTAIN CONFIDENTIAL BUSINESS INFORMATION]",Y
540-5193,2,"General Motors, LLC",10-Day Update,,,APR-2023,1GKS2KKL5PR, ,N/A,GMC,Yukon, ,2023, ,6f4bd6b2d054b4c,4504, ,Consumer,Level 2, , ,, , ,, , ,, , ,,, , ,,,No,ADAS,, , ,Y, , , , , ,,APR-2023, ,APR-2023,12:24, ,c095dff241ff5c3,[MAY CONTAIN PERSONALLY IDENTIFIABLE INFORMATION], ,[MAY CONTAIN PERSONALLY IDENTIFIABLE INFORMATION], ,,Y,Haverhill, ,MA ,[MAY CONTAIN PERSONALLY IDENTIFIABLE INFORMATION], ,Highway / Freeway,Wet,No Unusual Conditions,65, ,Daylight, , ,Y, ,Y, , , ,,Passenger Car,No Injuries Reported,Yes,"Other, see Narrative",Unknown,Unknown,Y, , ,Y, , ,Y, , , , ,Proceeding Straight,Yes,Unknown,Unknown,,Y, , , , , , , , ,Y, , ,Y, ,Y, , , , , ,Unknown,,Y,No,,Y,,Y,,Y,Yes, ,"GM has no updates from the original submission on April 4, 2023.
A 2023 Yukon Denali was traveling eastbound in the left lane on [XXX] at the time of the crash.  At 12:21:44 PM EST Super Cruise was engaged and active.  According to OnStar audio recordings, at some point thereafter, a BMW sedan that was traveling eastbound in the right adjacent lane veered in front of the Yukon.  Five seconds before the crash occurred, at 12:24:14 PM EST, the telematics data indicates a Super Cruise override, so that the feature was engaged but not active.  Crash data includes one reported frontal impact at 12:24:19 PM EST.  The data indicates the driver of the Yukon was belted at the time of the crash and that the driver's airbag deployed.  A second occupant of the Yukon was seated in the vehicle's second row.  It is unknown if the second-row occupant was belted.",
12381-4852,4,"Daimler Trucks North America, LLC",Update,3,2023,APR-2023,1FUJHHDR3NL, ,[MAY CONTAIN PERSONALLY IDENTIFIABLE INFORMATION],FREIGHTLINER,Cascadia, ,2022, ,c28a8e80da47730,,Y,Consumer,"[REDACTED, MAY CONTAIN CONFIDENTIAL BUSINESS INFORMATION]", ,Y,, , ,, , ,, , ,,, , ,,,No,ADAS,, , , , ,Y, , , ,,JAN-2023, ,FEB-2023,11:57, ,e6bea3e50eaf542,,Y,,Y,[MAY CONTAIN PERSONALLY IDENTIFIABLE INFORMATION], ,Lexington, ,SC ,[MAY CONTAIN PERSONALLY IDENTIFIABLE INFORMATION], ,Highway / Freeway,Dry,No Unusual Conditions,65, ,Daylight,Y, , , , , , , ,,Heavy Truck,No Injuries Reported,Yes,Proceeding Straight,Unknown,Unknown,Y, , , , , , , , , , ,Proceeding Straight,Not Applicable,Unknown,Unknown,68, , , ,Y, , ,Y, , , ,Y, , , ,Y, ,Y,Y, , ,Unknown,,Y,Yes,,Y,,Y,,Y,"[REDACTED, MAY CONTAIN CONFIDENTIAL BUSINESS INFORMATION]",Y,"On February [XXX], 2023, Daimler Truck was notified of an incident involving a 2022 Freightliner Cascadia traveling on [XXX] near [XXX]. [REDACTED, MAY CONTAIN CONFIDENTIAL BUSINESS INFORMATION] The subject vehicle collided with another heavy vehicle then subsequently the median cable barrier. Final resting place was the grass median dividing east and westbound lanes. DTNA is providing this information in good faith and in an abundance of caution.",Y
1243-5197,2,"Subaru of America, Inc.",10-Day Update,,,APR-2023,JF2GTABC6MH, ,N/A,Subaru,Crosstrek, ,2021, ,e074faf2d494c1a,27000, ,Consumer,,Y, ,, , ,, , ,, , ,,, , ,,,No,ADAS,, ,Y, , , , , , ,,MAR-2023, ,APR-2023,16:00, ,e3b1ffa6477128d,,Y,,Y,,Y,Indianapolis, ,IN ,,Y,Highway / Freeway,Dry,Unknown,,Y,Daylight,Y, , , , , , , ,,"Other, see Narrative",No Injuries Reported,Yes,Proceeding Straight,Unknown,Unknown, , , , , , , , , , ,Y,Stopped,No,Unknown,Unknown,0, ,Y, , ,Y, , , , , , , , , , , , , , ,Y,Unknown,,Y,No,,Y,,Y,,Y,"[REDACTED, MAY CONTAIN CONFIDENTIAL BUSINESS INFORMATION]",Y,"The customer is not alleging any vehicle defect and had contacted Subaru to inquire whether Subaru would reimburse hotel costs.
Based on the limited information provided by the customer, the subject vehicle was travelling southbound on a highway in the greater Indianapolis area when traffic came to a sudden stop. After the subject vehicle came to a complete stop, a vehicle following behind the subject vehicle failed to stop and struck the subject vehicle in the left hand rear bumper and wheel. The customer estimated the speed of the other vehicle to be 40 MPH. During a conversation with a Subaru Customer Advocacy representative, the customer answered in the affirmative that Adaptive Cruise Control (ACC) and Lane Centering (LC) were engaged. The customer also responded affirmatively to the question ""Were any vehicles (including other vehicles) towed?"".  This vehicle is not equipped with a telematics system.
Upon the suggestion that she would need to contact her insurance company in order to provide reimbursement for a hotel stay, the customer disconnected from the conversation.",
13781-5199,2,"Tesla, Inc.",10-Day Update,,,APR-2023,5YJ3E1EA6LF, ,N/A,Tesla,Model 3, ,2020, ,74d0502c6be6192,16776, ,Consumer,"[REDACTED, MAY CONTAIN CONFIDENTIAL BUSINESS INFORMATION]", ,Y,, , ,, , ,, , ,,, , ,,,No,ADAS,, , ,Y, , , , , ,,APR-2023, ,APR-2023,15:19, ,7fcb0b5fb38ee28,[MAY CONTAIN PERSONALLY IDENTIFIABLE INFORMATION], ,[MAY CONTAIN PERSONALLY IDENTIFIABLE INFORMATION], ,[MAY CONTAIN PERSONALLY IDENTIFIABLE INFORMATION], ,Seattle, ,WA ,[MAY CONTAIN PERSONALLY IDENTIFIABLE INFORMATION], ,Street,Dry,No Unusual Conditions,40, ,Daylight, , ,Y, , , , , ,,SUV,Unknown,Yes,"Other, see Narrative",Unknown,Unknown, ,Y,Y, , , , , , , , ,Proceeding Straight,Yes,Unknown,Unknown,41, , , , , , ,Y, ,Y,Y, , ,Y, ,Y, ,Y,Y, , ,Unknown,,Y,Unknown,,Y,,Y,,Y,"[REDACTED, MAY CONTAIN CONFIDENTIAL BUSINESS INFORMATION]",Y,"[REDACTED, MAY CONTAIN CONFIDENTIAL BUSINESS INFORMATION]",Y
13781-5194,2,"Tesla, Inc.",10-Day Update,,,APR-2023,5YJYGDEE9MF, ,N/A,Tesla,Model Y, ,2021, ,32ebdecb7fd23bd,38986, ,Consumer,"[REDACTED, MAY CONTAIN CONFIDENTIAL BUSINESS INFORMATION]", ,Y,, , ,, , ,, , ,,, , ,,,No,ADAS,, , ,Y, , , , , ,,APR-2023, ,APR-2023,19:31, ,9b01dd615e1b414,[MAY CONTAIN PERSONALLY IDENTIFIABLE INFORMATION], ,[MAY CONTAIN PERSONALLY IDENTIFIABLE INFORMATION], ,[MAY CONTAIN PERSONALLY IDENTIFIABLE INFORMATION], ,Centerville, ,UT ,[MAY CONTAIN PERSONALLY IDENTIFIABLE INFORMATION], ,Highway / Freeway,Wet,No Unusual Conditions,70, ,Daylight, , ,Y, ,Y, , , ,,Passenger Car,Unknown,Yes,Lane / Road Departure,Unknown,Unknown, , , , , ,Y, , ,Y, , ,Proceeding Straight,Yes,Unknown,Unknown,77, , ,Y,Y, , , , , , , , ,Y, ,Y, ,Y,Y, , ,Unknown,,Y,Unknown,,Y,,Y,,Y,"[REDACTED, MAY CONTAIN CONFIDENTIAL BUSINESS INFORMATION]",Y,"[REDACTED, MAY CONTAIN CONFIDENTIAL BUSINESS INFORMATION]",Y
13781-5195,2,"Tesla, Inc.",10-Day Update,,,APR-2023,7SAYGDEF6NF, ,N/A,Tesla,Model Y, ,2022, ,e3cc1585e933967,15303, ,Consumer,"[REDACTED, MAY CONTAIN CONFIDENTIAL BUSINESS INFORMATION]", ,Y,, , ,, , ,, , ,,, , ,,,No,ADAS,, , ,Y, , , , , ,,APR-2023, ,APR-2023,22:28, ,9e2aaf1652bb603,[MAY CONTAIN PERSONALLY IDENTIFIABLE INFORMATION], ,[MAY CONTAIN PERSONALLY IDENTIFIABLE INFORMATION], ,[MAY CONTAIN PERSONALLY IDENTIFIABLE INFORMATION], ,Bonita Springs, ,FL ,[MAY CONTAIN PERSONALLY IDENTIFIABLE INFORMATION], ,Highway / Freeway,Dry,No Unusual Conditions,70, ,Daylight,Y, , , , , , , ,,Heavy Truck,Unknown,Yes,Changing Lanes,Unknown,Unknown,Y, , , , , , , , , , ,Changing Lanes,Yes,Unknown,Unknown,81, , , , , , ,Y, , ,Y, , ,Y, ,Y, ,Y,Y, , ,Unknown,,Y,Unknown,,Y,,Y,,Y,"[REDACTED, MAY CONTAIN CONFIDENTIAL BUSINESS INFORMATION]",Y,"[REDACTED, MAY CONTAIN CONFIDENTIAL BUSINESS INFORMATION]",Y
13781-5177,2,"Tesla, Inc.",10-Day Update,,,APR-2023,5YJ3E1EA1PF, ,N/A,Tesla,Model 3, ,2023, ,808430594e65201,10285, ,Consumer,"[REDACTED, MAY CONTAIN CONFIDENTIAL BUSINESS INFORMATION]", ,Y,, , ,, , ,, , ,,, , ,,,No,ADAS,, , ,Y, , , , , ,,APR-2023, ,APR-2023,16:02, ,86195cae40f6d4b,[MAY CONTAIN PERSONALLY IDENTIFIABLE INFORMATION], ,[MAY CONTAIN PERSONALLY IDENTIFIABLE INFORMATION], ,[MAY CONTAIN PERSONALLY IDENTIFIABLE INFORMATION], ,Darlington, ,SC ,[MAY CONTAIN PERSONALLY IDENTIFIABLE INFORMATION], ,Intersection,Dry,No Unusual Conditions,45, ,Daylight,Y, , , , , , , ,,SUV,Unknown,Yes,Proceeding Straight,Unknown,Unknown, , ,Y, , ,Y, ,Y,Y, , ,Proceeding Straight,Yes,Unknown,Unknown,56, , ,Y,Y, , ,Y, , , , , ,Y, ,Y, ,Y,Y, , ,Unknown,,Y,Unknown,,Y,,Y,,Y,"[REDACTED, MAY CONTAIN CONFIDENTIAL BUSINESS INFORMATION]",Y,"[REDACTED, MAY CONTAIN CONFIDENTIAL BUSINESS INFORMATION]",Y
13781-5169,2,"Tesla, Inc.",10-Day Update,,,APR-2023,5YJ3E1EC1MF, ,N/A,Tesla,Model 3, ,2021, ,b1d4af154efb9a2,46078, ,Consumer,"[REDACTED, MAY CONTAIN CONFIDENTIAL BUSINESS INFORMATION]", ,Y,, , ,, , ,, , ,,, , ,,,No,ADAS,, , ,Y, , , , , ,,MAR-2023, ,MAR-2023,17:02, ,cde8bb8d0471d98,[MAY CONTAIN PERSONALLY IDENTIFIABLE INFORMATION], ,[MAY CONTAIN PERSONALLY IDENTIFIABLE INFORMATION], ,[MAY CONTAIN PERSONALLY IDENTIFIABLE INFORMATION], ,Delaware Township, ,PA ,[MAY CONTAIN PERSONALLY IDENTIFIABLE INFORMATION], ,Rural Road,Dry,No Unusual Conditions,35, ,Daylight,Y, , , , , , , ,,Pole / Tree,Unknown,Yes,,,, , , , , , , , , , , ,Proceeding Straight,Yes,Unknown,Unknown,27, , , , , , ,Y,Y,Y,Y, , ,Y, ,Y, ,Y,Y, , ,Unknown,,Y,Unknown,,Y,,Y,,Y,"[REDACTED, MAY CONTAIN CONFIDENTIAL BUSINESS INFORMATION]",Y,"[REDACTED, MAY CONTAIN CONFIDENTIAL BUSINESS INFORMATION]",Y
13781-5168,2,"Tesla, Inc.",10-Day Update,,,APR-2023,7SAYGDEF7NF, ,N/A,Tesla,Model Y, ,2022, ,7c0be2aa25d804e,23208, ,Consumer,"[REDACTED, MAY CONTAIN CONFIDENTIAL BUSINESS INFORMATION]", ,Y,, , ,, , ,, , ,,, , ,,,No,ADAS,, , ,Y, , , , , ,,MAR-2023, ,MAR-2023,00:38, ,59e16c5e1dc4195,[MAY CONTAIN PERSONALLY IDENTIFIABLE INFORMATION], ,[MAY CONTAIN PERSONALLY IDENTIFIABLE INFORMATION], ,[MAY CONTAIN PERSONALLY IDENTIFIABLE INFORMATION], ,Rancho Cordova, ,CA ,[MAY CONTAIN PERSONALLY IDENTIFIABLE INFORMATION], ,Highway / Freeway,Wet,No Unusual Conditions,65, ,Daylight, , ,Y, ,Y, , , ,,Other Fixed Object,Unknown,Yes,,,, , , , , , , , , , , ,Proceeding Straight,Yes,Unknown,Unknown,16, , ,Y,Y, , ,Y, , , , , ,Y, ,Y, ,Y,Y, , ,Unknown,,Y,Unknown,,Y,,Y,,Y,"[REDACTED, MAY CONTAIN CONFIDENTIAL BUSINESS INFORMATION]",Y,"[REDACTED, MAY CONTAIN CONFIDENTIAL BUSINESS INFORMATION]",Y
13781-5167,2,"Tesla, Inc.",10-Day Update,,,APR-2023,5YJ3E1EA2MF, ,N/A,Tesla,Model 3, ,2021, ,264dd8c1acb95d9,39848, ,Consumer,"[REDACTED, MAY CONTAIN CONFIDENTIAL BUSINESS INFORMATION]", ,Y,, , ,, , ,, , ,,, , ,,,No,ADAS,, , ,Y, , , , , ,,MAR-2023, ,MAR-2023,08:39, ,1126ea005cf0e46,[MAY CONTAIN PERSONALLY IDENTIFIABLE INFORMATION], ,[MAY CONTAIN PERSONALLY IDENTIFIABLE INFORMATION], ,[MAY CONTAIN PERSONALLY IDENTIFIABLE INFORMATION], ,San Bernardino, ,CA ,[MAY CONTAIN PERSONALLY IDENTIFIABLE INFORMATION], ,Highway / Freeway,Wet,No Unusual Conditions,70, ,Dark - Not Lighted, , ,Y, ,Y, , , ,,Other Fixed Object,Unknown,Yes,,,, , , , , , , , , , , ,Proceeding Straight,Yes,Unknown,Unknown,56, , , ,Y, , ,Y, , ,Y, , ,Y, ,Y, ,Y,Y, , ,Unknown,,Y,Unknown,,Y,,Y,,Y,"[REDACTED, MAY CONTAIN CONFIDENTIAL BUSINESS INFORMATION]",Y,"[REDACTED, MAY CONTAIN CONFIDENTIAL BUSINESS INFORMATION]",Y
13781-5166,2,"Tesla, Inc.",10-Day Update,,,APR-2023,7SAYGAEE9NF, ,N/A,Tesla,Model Y, ,2022, ,b2aa770f2cbc94a,10017, ,Consumer,"[REDACTED, MAY CONTAIN CONFIDENTIAL BUSINESS INFORMATION]", ,Y,, , ,, , ,, , ,,, , ,,,No,ADAS,, , ,Y, , , , , ,,MAR-2023, ,MAR-2023,23:47, ,ba5709577f2b1d7,[MAY CONTAIN PERSONALLY IDENTIFIABLE INFORMATION], ,[MAY CONTAIN PERSONALLY IDENTIFIABLE INFORMATION], ,[MAY CONTAIN PERSONALLY IDENTIFIABLE INFORMATION], ,Channahon, ,IL ,[MAY CONTAIN PERSONALLY IDENTIFIABLE INFORMATION], ,Highway / Freeway,Dry,No Unusual Conditions,65, ,Daylight,Y, , , , , , , ,,Passenger Car,Unknown,Yes,Lane / Road Departure,Unknown,Unknown,Y,Y, , , , , , , , , ,Proceeding Straight,Yes,Unknown,Unknown,62, , , , , , ,Y, ,Y,Y, , ,Y, ,Y, ,Y,Y, , ,Unknown,,Y,Unknown,,Y,,Y,,Y,"[REDACTED, MAY CONTAIN CONFIDENTIAL BUSINESS INFORMATION]",Y,"[REDACTED, MAY CONTAIN CONFIDENTIAL BUSINESS INFORMATION]",Y
13781-5150,2,"Tesla, Inc.",10-Day Update,,,APR-2023,7SAYGDEE6PA, ,N/A,Tesla,Model Y, ,2023, ,9013fc79125dbb2,10416, ,Consumer,"[REDACTED, MAY CONTAIN CONFIDENTIAL BUSINESS INFORMATION]", ,Y,, , ,, , ,, , ,,, , ,,,No,ADAS,, , ,Y, , , , , ,,MAR-2023, ,MAR-2023,02:05, ,c2849c69eaf61bf,[MAY CONTAIN PERSONALLY IDENTIFIABLE INFORMATION], ,[MAY CONTAIN PERSONALLY IDENTIFIABLE INFORMATION], ,[MAY CONTAIN PERSONALLY IDENTIFIABLE INFORMATION], ,Sandwich, ,MA ,[MAY CONTAIN PERSONALLY IDENTIFIABLE INFORMATION], ,Highway / Freeway,Unknown,Unknown,55, ,Unknown, , , , , , ,Y, ,,Unknown,Unknown,Yes,Unknown,Unknown,Unknown, , , , , , , , , , ,Y,Unknown,Yes,Unknown,Unknown,,Y, , , , , , , , , , ,Y, , ,Y, , , , , ,Unknown,,Y,Unknown,,Y,,Y,,Y,"[REDACTED, MAY CONTAIN CONFIDENTIAL BUSINESS INFORMATION]",Y,"[REDACTED, MAY CONTAIN CONFIDENTIAL BUSINESS INFORMATION]",Y
13781-5148,2,"Tesla, Inc.",10-Day Update,,,APR-2023,5YJYGDEE8MF, ,N/A,Tesla,Model Y, ,2021, ,4c2d8632494805d,13741, ,Consumer,"[REDACTED, MAY CONTAIN CONFIDENTIAL BUSINESS INFORMATION]", ,Y,, , ,, , ,, , ,,, , ,,,No,ADAS,, , ,Y, , , , , ,,MAR-2023, ,MAR-2023,22:45, ,73de4524a41ab41,[MAY CONTAIN PERSONALLY IDENTIFIABLE INFORMATION], ,[MAY CONTAIN PERSONALLY IDENTIFIABLE INFORMATION], ,[MAY CONTAIN PERSONALLY IDENTIFIABLE INFORMATION], ,Revere, ,MA ,[MAY CONTAIN PERSONALLY IDENTIFIABLE INFORMATION], ,Highway / Freeway,Dry,No Unusual Conditions,50, ,Daylight,Y, , , , , , , ,,Other Fixed Object,Unknown,Yes,,,, , , , , , , , , , , ,Proceeding Straight,Yes,Unknown,Unknown,46, ,Y,Y, , , , , , , , , ,Y, ,Y, ,Y,Y, , ,Unknown,,Y,Unknown,,Y,,Y,,Y,"[REDACTED, MAY CONTAIN CONFIDENTIAL BUSINESS INFORMATION]",Y,"[REDACTED, MAY CONTAIN CONFIDENTIAL BUSINESS INFORMATION]",Y