Report ID,Report Version,Reporting Entity,Report Type,Report Month,Report Year,Report Submission Date,VIN,VIN - Unknown,Serial Number,Make,Model,Model - Unknown,Model Year,Model Year - Unknown,Same Vehicle ID,Mileage,Mileage - Unknown,Driver / Operator Type,ADAS/ADS System Version,ADAS/ADS System Version - Unk,ADAS/ADS System Version CBI,ADAS/ADS Hardware Version,ADAS/ADS Hardware Version - Unk,ADAS/ADS Hardware Version CBI,ADAS/ADS Software Version,ADAS/ADS Software Version - Unk,ADAS/ADS Software Version CBI,Other Reporting Entities?,Other Reporting Entities? - Unk,Other Reporting Entities? - NA,Federal Regulatory Exemption?,Other Federal Reg. Exemption,Federal Reg. Exemption - Unk,Federal Reg. Exemption - No,State or Local Permit?,State or Local Permit,ADS Equipped?,Automation System Engaged?,Operating Entity,Operating Entity - Unknown,Source - Complaint/Claim,Source - Telematics,Source - Law Enforcement,Source - Field Report,Source - Testing,Source - Media,Source - Other,Source - Other Text,Incident Date,Incident Date - Unknown,Notice Received Date,Incident Time (24:00),Incident Time - Unknown,Same Incident ID,Latitude,Latitude - Unknown,Longitude,Longitude - Unknown,Address,Address - Unknown,City,City - Unknown,State,Zip Code,Zip Code - Unknown,Roadway Type,Roadway Surface,Roadway Description,Posted Speed Limit (MPH),Posted Speed Limit - Unknown,Lighting,Weather - Clear,Weather - Snow,Weather - Cloudy,Weather - Fog/Smoke,Weather - Rain,Weather - Severe Wind,Weather - Unknown,Weather - Other,Weather - Other Text,Crash With,Highest Injury Severity Alleged,Property Damage?,CP Pre-Crash Movement,CP Any Air Bags Deployed?,CP Was Vehicle Towed?,CP Contact Area - Rear Left,CP Contact Area - Left,CP Contact Area - Front Left,CP Contact Area - Rear,CP Contact Area - Top,CP Contact Area - Front,CP Contact Area - Rear Right,CP Contact Area - Right,CP Contact Area - Front Right,CP Contact Area - Bottom,CP Contact Area - Unknown,SV Pre-Crash Movement,SV Any Air Bags Deployed?,SV Was Vehicle Towed?,SV Were All Passengers Belted?,SV Precrash Speed (MPH),SV Pre-crash Speed - Unknown,SV Contact Area - Rear Left,SV Contact Area - Left,SV Contact Area - Front Left,SV Contact Area - Rear,SV Contact Area - Top,SV Contact Area - Front,SV Contact Area - Rear Right,SV Contact Area - Right,SV Contact Area - Front Right,SV Contact Area - Bottom,SV Contact Area - Unknown,Data Availability - EDR,Data Availability - Police Rpt,Data Availability - Telematics,Data Availability - Complaints,Data Availability - Video,Data Availability - Other,Data Availability - No Data,Data Availability - Unknown,Law Enforcement Investigating?,Investigating Agency,Investigating Agency - Unknown,Rep Ent Or Mfr Investigating?,Investigating Officer Name,Inv. Officer Name - Unknown,Investigating Officer Phone,Inv. Officer Phone - Unknown,Investigating Officer Email,Inv. Officer Email - Unknown,Within ODD?,Within ODD? - CBI,Narrative,Narrative - CBI?
13781-3741,2,"Tesla, Inc.",10-Day Update,,,SEP-2022,7SAYGDEF7NF, ,N/A,Tesla,Model Y, ,2022, ,74a3b97200bb45e,3826, ,Consumer,"[REDACTED, MAY CONTAIN CONFIDENTIAL BUSINESS INFORMATION]", ,Y,, , ,, , ,, , ,,, , ,,,No,ADAS,, , ,Y, , , , , ,,SEP-2022, ,SEP-2022,13:10, ,ea7ac92c48fddb3,[MAY CONTAIN PERSONALLY IDENTIFIABLE INFORMATION], ,[MAY CONTAIN PERSONALLY IDENTIFIABLE INFORMATION], ,[MAY CONTAIN PERSONALLY IDENTIFIABLE INFORMATION], ,Glendora, ,CA ,[MAY CONTAIN PERSONALLY IDENTIFIABLE INFORMATION], ,Highway / Freeway,Dry,No Unusual Conditions,65, ,Dawn / Dusk,Y, , , , , , , ,,Passenger Car,Unknown,Yes,Changing Lanes,Unknown,Unknown,Y,Y, , , , , , , , , ,Proceeding Straight,Yes,Unknown,Unknown,75, , , , , , , , ,Y,Y, , ,Y, ,Y, ,Y,Y, , ,Unknown,,Y,Unknown,,Y,,Y,,Y,"[REDACTED, MAY CONTAIN CONFIDENTIAL BUSINESS INFORMATION]",Y,"[REDACTED, MAY CONTAIN CONFIDENTIAL BUSINESS INFORMATION]",Y
13781-3746,2,"Tesla, Inc.",10-Day Update,,,SEP-2022,5YJXCAE21GF, ,N/A,Tesla,Model X, ,2016, ,3db2d48da5c60e0,224270, ,Consumer,"[REDACTED, MAY CONTAIN CONFIDENTIAL BUSINESS INFORMATION]", ,Y,, , ,, , ,, , ,,, , ,,,No,ADAS,, , ,Y, , , , , ,,SEP-2022, ,SEP-2022,14:31, ,9b51fc98a1d4696,[MAY CONTAIN PERSONALLY IDENTIFIABLE INFORMATION], ,[MAY CONTAIN PERSONALLY IDENTIFIABLE INFORMATION], ,[MAY CONTAIN PERSONALLY IDENTIFIABLE INFORMATION], ,Mountain View, ,CA ,[MAY CONTAIN PERSONALLY IDENTIFIABLE INFORMATION], ,Highway / Freeway,Dry,"Other, see Narrative",65, ,Daylight, , ,Y, , , , , ,,Passenger Car,Unknown,Yes,Proceeding Straight,Unknown,Unknown, , ,Y, , ,Y, ,Y,Y, , ,Changing Lanes,Yes,Unknown,Unknown,21, , ,Y,Y, , ,Y, , , , , ,Y, ,Y, ,Y,Y, , ,Unknown,,Y,Unknown,,Y,,Y,,Y,"[REDACTED, MAY CONTAIN CONFIDENTIAL BUSINESS INFORMATION]",Y,"[REDACTED, MAY CONTAIN CONFIDENTIAL BUSINESS INFORMATION]",Y
502-3744,2,Ford Motor Company,10-Day Update,,,SEP-2022,1FMJK1JT3NE, ,N/A,Ford,Expedition, ,2022, ,58178be26f37ef9,20672, ,Consumer,Co-Pilot 360 Assist+, , ,, , ,, , ,, , ,,, , ,,,No,ADAS,, , , , ,Y, , , ,,AUG-2022, ,SEP-2022,17:00, ,e11fa1ed0a55cec,[MAY CONTAIN PERSONALLY IDENTIFIABLE INFORMATION], ,[MAY CONTAIN PERSONALLY IDENTIFIABLE INFORMATION], ,[MAY CONTAIN PERSONALLY IDENTIFIABLE INFORMATION], ,Bloomington, ,MN ,[MAY CONTAIN PERSONALLY IDENTIFIABLE INFORMATION], ,Highway / Freeway,Wet,"Other, see Narrative",65, ,Daylight, , ,Y, , , , , ,,SUV,Minor,Yes,Proceeding Straight,No,Yes, , ,Y, , ,Y, , ,Y, , ,Stopped,No,No,Yes,0, , , , , , , ,Y, , , , , ,Y, , , , , , ,Yes,Minnesota State Patrol, ,Yes,[MAY CONTAIN PERSONALLY IDENTIFIABLE INFORMATION], ,,Y,,Y,Yes, ,"10-Day Update on report 502-3744-1 (reported on Sept [XXX], 2022):  Ford has received and updated information on the Incident Scene: Coordinates, Surface Condition, Speed Limit and Weather, and vehicle Mileage.  
1-Day (report# 502-3744-1) Narrative:
This SGO Report is the official Portal submission emailed to NHTSA on Sept [XXX], 2022, during that time the NHTSA SGO Portal was undergoing maintenance.  
The driver reported to Ford that they were traveling South on [XXX] while using Adaptive Cruise Control (ACC) and Lane Centering Assist (LCA), during traffic congestion the Ford driver applied the brakes and came to a complete stop.  The Jeep Wrangler directly behind failed to stop and impacted the right rear of the Ford vehicle, within 30 seconds of Ford vehicle ADAS Level 2 feature deactivation due to brake application.  The Jeep suffered front end damage and was towed, and the passenger was taken to the hospital for minor injuries.",
13781-3740,2,"Tesla, Inc.",10-Day Update,,,SEP-2022,5YJYGDEE9MF, ,N/A,Tesla,Model Y, ,2021, ,2f42b8f7da7cbdf,20501, ,Consumer,"[REDACTED, MAY CONTAIN CONFIDENTIAL BUSINESS INFORMATION]", ,Y,, , ,, , ,, , ,,, , ,,,No,ADAS,, , ,Y, , , , , ,,SEP-2022, ,SEP-2022,01:38, ,e37c75f6c8f7824,[MAY CONTAIN PERSONALLY IDENTIFIABLE INFORMATION], ,[MAY CONTAIN PERSONALLY IDENTIFIABLE INFORMATION], ,[MAY CONTAIN PERSONALLY IDENTIFIABLE INFORMATION], ,Lake Hughes, ,CA ,[MAY CONTAIN PERSONALLY IDENTIFIABLE INFORMATION], ,Rural Road,Dry,No Unusual Conditions,40, ,Daylight, , , , , , ,Y, ,,Pickup Truck,Unknown,Yes,Lane / Road Departure,Unknown,Unknown, ,Y,Y, , , , , , , , ,Proceeding Straight,Yes,Unknown,Unknown,43, ,Y,Y,Y, , , , , , , , ,Y, ,Y, ,Y,Y, , ,Unknown,,Y,Unknown,,Y,,Y,,Y,"[REDACTED, MAY CONTAIN CONFIDENTIAL BUSINESS INFORMATION]",Y,"[REDACTED, MAY CONTAIN CONFIDENTIAL BUSINESS INFORMATION]",Y
13781-3739,2,"Tesla, Inc.",10-Day Update,,,SEP-2022,5YJYGDEE8MF, ,N/A,Tesla,Model Y, ,2021, ,9ffa0aec2e2afe9,26904, ,Consumer,"[REDACTED, MAY CONTAIN CONFIDENTIAL BUSINESS INFORMATION]", ,Y,, , ,, , ,, , ,,, , ,,,No,ADAS,, , ,Y, , , , , ,,SEP-2022, ,SEP-2022,21:01, ,7bd5f9abdd698ac,[MAY CONTAIN PERSONALLY IDENTIFIABLE INFORMATION], ,[MAY CONTAIN PERSONALLY IDENTIFIABLE INFORMATION], ,[MAY CONTAIN PERSONALLY IDENTIFIABLE INFORMATION], ,Vidor, ,TX ,[MAY CONTAIN PERSONALLY IDENTIFIABLE INFORMATION], ,Highway / Freeway,Wet,No Unusual Conditions,,Y,Daylight, , , , , , ,Y, ,,Unknown,Unknown,Yes,Unknown,Unknown,Unknown, , , , , , , , , , ,Y,Proceeding Straight,Yes,Unknown,Unknown,,Y, , , , , , , , , , ,Y,Y, ,Y, ,Y,Y, , ,Unknown,,Y,Unknown,,Y,,Y,,Y,"[REDACTED, MAY CONTAIN CONFIDENTIAL BUSINESS INFORMATION]",Y,"[REDACTED, MAY CONTAIN CONFIDENTIAL BUSINESS INFORMATION]",Y
30571-3768,1,NVIDIA CORP,1-Day,,,SEP-2022,W1K2231631A, ,N/A,Mercedes-Benz,S-Class, ,2021, ,ad6b57ec648f61a,7340, ,In-Vehicle (Commercial / Test),HYP 8.0, , ,, , ,, , ,, , ,,, , ,,,No,ADAS,NVIDIA, , , , ,Y, , , ,,SEP-2022, ,SEP-2022,18:15, ,8cff765f7638c5a,[MAY CONTAIN PERSONALLY IDENTIFIABLE INFORMATION], ,[MAY CONTAIN PERSONALLY IDENTIFIABLE INFORMATION], ,[MAY CONTAIN PERSONALLY IDENTIFIABLE INFORMATION], ,San Jose, ,CA ,[MAY CONTAIN PERSONALLY IDENTIFIABLE INFORMATION], ,Street,Dry,No Unusual Conditions,25, ,Daylight,Y, , , , , , , ,,SUV,No Injuries Reported,No,Parked,No,No, , , ,Y, , , , , , , ,Parking Maneuver,No,No,Yes,1, , , , , , ,Y, , , , , , , , , , , ,Y, ,No,, ,No,, ,, ,, ,Yes, ,"Test vehicle 3416 was manually operated while traveling southbound on [XXX], San Jose CA; a two-lane one-way street; when the operator came to a vacant parking space between two parked vehicles. The test operator engaged the ADAS parking assist system to complete a parallel parking maneuver. The test vehicle negotiated the maneuver, reversing into the parking space. When the vehicle shifted from reverse and to drive it was traveling at ~1 MPH when it made contact with the rear bumper of a parked SUV. The test operator disengaged the system and manually completed the parking maneuver. There were no injuries or damage reported.",
13781-3734,2,"Tesla, Inc.",10-Day Update,,,SEP-2022,5YJYGDEE2MF, ,N/A,Tesla,Model Y, ,2021, ,df2e813e218fc4b,9645, ,Consumer,"[REDACTED, MAY CONTAIN CONFIDENTIAL BUSINESS INFORMATION]", ,Y,, , ,, , ,, , ,,, , ,,,No,ADAS,, , ,Y, , , , , ,,AUG-2022, ,SEP-2022,20:24, ,36283addf950d59,[MAY CONTAIN PERSONALLY IDENTIFIABLE INFORMATION], ,[MAY CONTAIN PERSONALLY IDENTIFIABLE INFORMATION], ,[MAY CONTAIN PERSONALLY IDENTIFIABLE INFORMATION], ,Atlanta, ,GA ,[MAY CONTAIN PERSONALLY IDENTIFIABLE INFORMATION], ,Highway / Freeway,Dry,No Unusual Conditions,55, ,Daylight,Y, , , , , , , ,,SUV,Unknown,Yes,Proceeding Straight,Unknown,Unknown, , ,Y, , ,Y, , ,Y, , ,Proceeding Straight,No,Yes,Unknown,13, ,Y, , ,Y, , ,Y, , , , ,Y, ,Y, ,Y,Y, , ,Unknown,,Y,Unknown,,Y,,Y,,Y,"[REDACTED, MAY CONTAIN CONFIDENTIAL BUSINESS INFORMATION]",Y,"[REDACTED, MAY CONTAIN CONFIDENTIAL BUSINESS INFORMATION]",Y
13781-3732,2,"Tesla, Inc.",10-Day Update,,,SEP-2022,5YJSA1E57NF, ,N/A,Tesla,Model S, ,2022, ,bc885a91dc26b13,3981, ,Consumer,"[REDACTED, MAY CONTAIN CONFIDENTIAL BUSINESS INFORMATION]", ,Y,, , ,, , ,, , ,,, , ,,,No,ADAS,, , ,Y, , , , , ,,AUG-2022, ,SEP-2022,21:48, ,b2abc689c776291,[MAY CONTAIN PERSONALLY IDENTIFIABLE INFORMATION], ,[MAY CONTAIN PERSONALLY IDENTIFIABLE INFORMATION], ,[MAY CONTAIN PERSONALLY IDENTIFIABLE INFORMATION], ,Oak Forest, ,IL ,[MAY CONTAIN PERSONALLY IDENTIFIABLE INFORMATION], ,Street,Dry,No Unusual Conditions,45, ,Daylight,Y, , , , , , , ,,Unknown,Unknown,Yes,Unknown,Unknown,Unknown, , , , , , , , , , ,Y,Unknown,Yes,Unknown,Unknown,39, , , , , , , , , , , ,Y,Y, ,Y, ,Y,Y, , ,Unknown,,Y,Unknown,,Y,,Y,,Y,"[REDACTED, MAY CONTAIN CONFIDENTIAL BUSINESS INFORMATION]",Y,"[REDACTED, MAY CONTAIN CONFIDENTIAL BUSINESS INFORMATION]",Y
13781-3718,2,"Tesla, Inc.",10-Day Update,,,SEP-2022,5YJ3E1EB3NF, ,N/A,Tesla,Model 3, ,2022, ,37beb2f6dcc8411,6335, ,Consumer,"[REDACTED, MAY CONTAIN CONFIDENTIAL BUSINESS INFORMATION]", ,Y,, , ,, , ,, , ,,, , ,,,No,ADAS,, , ,Y, , , , , ,,AUG-2022, ,AUG-2022,00:49, ,9d1f6c59996e588,[MAY CONTAIN PERSONALLY IDENTIFIABLE INFORMATION], ,[MAY CONTAIN PERSONALLY IDENTIFIABLE INFORMATION], ,[MAY CONTAIN PERSONALLY IDENTIFIABLE INFORMATION], ,Long Beach, ,CA ,[MAY CONTAIN PERSONALLY IDENTIFIABLE INFORMATION], ,Highway / Freeway,Dry,No Unusual Conditions,65, ,Daylight,Y, , , , , , , ,,SUV,Unknown,Yes,Proceeding Straight,Unknown,Unknown,Y, , ,Y, , ,Y, , , , ,Proceeding Straight,No,Yes,Unknown,13, , , ,Y, , ,Y, , ,Y, , ,Y, ,Y, ,Y,Y, , ,Unknown,,Y,Unknown,,Y,,Y,,Y,"[REDACTED, MAY CONTAIN CONFIDENTIAL BUSINESS INFORMATION]",Y,"[REDACTED, MAY CONTAIN CONFIDENTIAL BUSINESS INFORMATION]",Y
13781-3717,2,"Tesla, Inc.",10-Day Update,,,SEP-2022,7SAYGDEE6NF, ,N/A,Tesla,Model Y, ,2022, ,2666a12b5ecda8b,9937, ,Consumer,"[REDACTED, MAY CONTAIN CONFIDENTIAL BUSINESS INFORMATION]", ,Y,, , ,, , ,, , ,,, , ,,,No,ADAS,, , ,Y, , , , , ,,AUG-2022, ,AUG-2022,04:16, ,8c0466097b386de,[MAY CONTAIN PERSONALLY IDENTIFIABLE INFORMATION], ,[MAY CONTAIN PERSONALLY IDENTIFIABLE INFORMATION], ,[MAY CONTAIN PERSONALLY IDENTIFIABLE INFORMATION], ,Rochester Hills, ,MI ,[MAY CONTAIN PERSONALLY IDENTIFIABLE INFORMATION], ,Street,Dry,No Unusual Conditions,40, ,Dark - Not Lighted,Y, , , , , , , ,,Unknown,Unknown,Yes,Unknown,Unknown,Unknown, , , , , , , , , , ,Y,Proceeding Straight,Yes,Unknown,Unknown,43, , , , , , , , , , , ,Y,Y, ,Y, ,Y,Y, , ,Unknown,,Y,Unknown,,Y,,Y,,Y,"[REDACTED, MAY CONTAIN CONFIDENTIAL BUSINESS INFORMATION]",Y,"[REDACTED, MAY CONTAIN CONFIDENTIAL BUSINESS INFORMATION]",Y
13781-3716,2,"Tesla, Inc.",10-Day Update,,,SEP-2022,5YJYGDEF7LF, ,N/A,Tesla,Model Y, ,2020, ,fe30211d6248de7,31559, ,Consumer,"[REDACTED, MAY CONTAIN CONFIDENTIAL BUSINESS INFORMATION]", ,Y,, , ,, , ,, , ,,, , ,,,No,ADAS,, , ,Y, , , , , ,,AUG-2022, ,AUG-2022,19:09, ,1db594e201a263e,[MAY CONTAIN PERSONALLY IDENTIFIABLE INFORMATION], ,[MAY CONTAIN PERSONALLY IDENTIFIABLE INFORMATION], ,[MAY CONTAIN PERSONALLY IDENTIFIABLE INFORMATION], ,Orlovista, ,FL ,[MAY CONTAIN PERSONALLY IDENTIFIABLE INFORMATION], ,Highway / Freeway,Wet,No Unusual Conditions,65, ,Daylight, , ,Y, ,Y, , , ,,Other Fixed Object,Unknown,Yes,,,, , , , , , , , , , , ,Proceeding Straight,Yes,Unknown,Unknown,42, ,Y,Y,Y, , , , , , , , ,Y, ,Y, ,Y,Y, , ,Unknown,,Y,Unknown,,Y,,Y,,Y,"[REDACTED, MAY CONTAIN CONFIDENTIAL BUSINESS INFORMATION]",Y,"[REDACTED, MAY CONTAIN CONFIDENTIAL BUSINESS INFORMATION]",Y
13781-3715,2,"Tesla, Inc.",10-Day Update,,,SEP-2022,5YJ3E1EB9JF, ,N/A,Tesla,Model 3, ,2018, ,38970e7f25539a0,49291, ,Consumer,"[REDACTED, MAY CONTAIN CONFIDENTIAL BUSINESS INFORMATION]", ,Y,, , ,, , ,, , ,,, , ,,,No,ADAS,, , ,Y, , , , , ,,AUG-2022, ,AUG-2022,18:33, ,15359bc5f61a583,[MAY CONTAIN PERSONALLY IDENTIFIABLE INFORMATION], ,[MAY CONTAIN PERSONALLY IDENTIFIABLE INFORMATION], ,[MAY CONTAIN PERSONALLY IDENTIFIABLE INFORMATION], ,Whittier, ,FL ,[MAY CONTAIN PERSONALLY IDENTIFIABLE INFORMATION], ,Highway / Freeway,Wet,"Other, see Narrative",70, ,Daylight, , ,Y, ,Y, , , ,,Other Fixed Object,Unknown,Yes,,,, , , , , , , , , , , ,Lane / Road Departure,Yes,Unknown,Unknown,39, , , , , , , ,Y,Y,Y, , ,Y, ,Y, ,Y,Y, , ,Unknown,,Y,Unknown,,Y,,Y,,Y,"[REDACTED, MAY CONTAIN CONFIDENTIAL BUSINESS INFORMATION]",Y,"[REDACTED, MAY CONTAIN CONFIDENTIAL BUSINESS INFORMATION]",Y
13781-3714,2,"Tesla, Inc.",10-Day Update,,,SEP-2022,5YJYGDEE1MF, ,N/A,Tesla,Model Y, ,2021, ,45d4d9fc317c124,33368, ,Consumer,"[REDACTED, MAY CONTAIN CONFIDENTIAL BUSINESS INFORMATION]", ,Y,, , ,, , ,, , ,,, , ,,,No,ADAS,, , ,Y, , , , , ,,AUG-2022, ,AUG-2022,16:01, ,711e5e19aac94d6,[MAY CONTAIN PERSONALLY IDENTIFIABLE INFORMATION], ,[MAY CONTAIN PERSONALLY IDENTIFIABLE INFORMATION], ,[MAY CONTAIN PERSONALLY IDENTIFIABLE INFORMATION], ,Weston, ,FL ,[MAY CONTAIN PERSONALLY IDENTIFIABLE INFORMATION], ,Highway / Freeway,Wet,No Unusual Conditions,70, ,Daylight, , ,Y, ,Y, , , ,,Other Fixed Object,Unknown,Yes,,,, , , , , , , , , , , ,Proceeding Straight,Yes,Unknown,Unknown,21, , , , , , ,Y, , ,Y, , ,Y, ,Y, ,Y,Y, , ,Unknown,,Y,Unknown,,Y,,Y,,Y,"[REDACTED, MAY CONTAIN CONFIDENTIAL BUSINESS INFORMATION]",Y,"[REDACTED, MAY CONTAIN CONFIDENTIAL BUSINESS INFORMATION]",Y
13781-3713,2,"Tesla, Inc.",10-Day Update,,,SEP-2022,5YJ3E1EBXLF, ,N/A,Tesla,Model 3, ,2020, ,b2f4398f34699dc,,Y,Consumer,"[REDACTED, MAY CONTAIN CONFIDENTIAL BUSINESS INFORMATION]", ,Y,, , ,, , ,, , ,,, , ,,,No,ADAS,, , ,Y, , , ,Y, ,,AUG-2022, ,AUG-2022,06:11, ,74537aa48a07834,[MAY CONTAIN PERSONALLY IDENTIFIABLE INFORMATION], ,[MAY CONTAIN PERSONALLY IDENTIFIABLE INFORMATION], ,[MAY CONTAIN PERSONALLY IDENTIFIABLE INFORMATION], ,Boca Raton, ,FL ,[MAY CONTAIN PERSONALLY IDENTIFIABLE INFORMATION], ,Street,Dry,No Unusual Conditions,45, ,Dark - Lighted,Y, , , , , , , ,,Motorcycle,Fatality,Yes,Unknown,Unknown,Unknown, , , , , , , , , , ,Y,Proceeding Straight,No,Unknown,Unknown,97, , , , , , , , , , , ,Y,Y, ,Y, ,Y,Y, , ,Unknown,,Y,Unknown,,Y,,Y,,Y,"[REDACTED, MAY CONTAIN CONFIDENTIAL BUSINESS INFORMATION]",Y,"[REDACTED, MAY CONTAIN CONFIDENTIAL BUSINESS INFORMATION]",Y
13781-3708,2,"Tesla, Inc.",10-Day Update,,,SEP-2022,5YJYGDEE7MF, ,N/A,Tesla,Model Y, ,2021, ,941ee43c704cf1d,28390, ,Consumer,"[REDACTED, MAY CONTAIN CONFIDENTIAL BUSINESS INFORMATION]", ,Y,, , ,, , ,, , ,,, , ,,,No,ADAS,, , ,Y, , , , , ,,AUG-2022, ,AUG-2022,07:42, ,d1423a26b3142a5,[MAY CONTAIN PERSONALLY IDENTIFIABLE INFORMATION], ,[MAY CONTAIN PERSONALLY IDENTIFIABLE INFORMATION], ,[MAY CONTAIN PERSONALLY IDENTIFIABLE INFORMATION], ,Pasadena, ,CA ,[MAY CONTAIN PERSONALLY IDENTIFIABLE INFORMATION], ,Unknown,Unknown,Unknown,30, ,Unknown, , , , , , ,Y, ,,Unknown,Unknown,Yes,Unknown,Unknown,Unknown, , , , , , , , , , ,Y,Unknown,Yes,Unknown,Unknown,,Y, , , , , , , , , , ,Y,Y, , , , , , , ,Unknown,,Y,Unknown,,Y,,Y,,Y,"[REDACTED, MAY CONTAIN CONFIDENTIAL BUSINESS INFORMATION]",Y,"[REDACTED, MAY CONTAIN CONFIDENTIAL BUSINESS INFORMATION]",Y
13781-3710,2,"Tesla, Inc.",10-Day Update,,,AUG-2022,5YJ3E1EB4LF, ,N/A,Tesla,Model 3, ,2020, ,84fcdf031bdc34a,,Y,Consumer,"[REDACTED, MAY CONTAIN CONFIDENTIAL BUSINESS INFORMATION]", ,Y,, , ,, , ,, , ,,, , ,,,No,ADAS,, , ,Y, , , ,Y, ,,AUG-2022, ,AUG-2022,20:30, ,91e8070901c957c,[MAY CONTAIN PERSONALLY IDENTIFIABLE INFORMATION], ,[MAY CONTAIN PERSONALLY IDENTIFIABLE INFORMATION], ,[MAY CONTAIN PERSONALLY IDENTIFIABLE INFORMATION], ,Charleston, ,SC ,[MAY CONTAIN PERSONALLY IDENTIFIABLE INFORMATION], ,Highway / Freeway,Dry,No Unusual Conditions,55, ,Daylight,Y, , , , , , , ,,"Other, see Narrative",Fatality,Yes,Proceeding Straight,Unknown,Unknown, , , , , , , , , , ,Y,Proceeding Straight,Unknown,Unknown,Unknown,8, ,Y, , ,Y, , ,Y, , , , ,Y, ,Y, ,Y,Y, , ,Yes,Charleston Police Department Major Accident Investigation Team, ,Unknown,,Y,[MAY CONTAIN PERSONALLY IDENTIFIABLE INFORMATION], ,,Y,"[REDACTED, MAY CONTAIN CONFIDENTIAL BUSINESS INFORMATION]",Y,"[REDACTED, MAY CONTAIN CONFIDENTIAL BUSINESS INFORMATION]",Y
13781-3709,2,"Tesla, Inc.",10-Day Update,,,AUG-2022,5YJYGAEE7MF, ,N/A,Tesla,Model Y, ,2021, ,ae88f61c864edcf,34193, ,Consumer,"[REDACTED, MAY CONTAIN CONFIDENTIAL BUSINESS INFORMATION]", ,Y,, , ,, , ,, , ,,, , ,,,No,ADAS,, , ,Y, , , , , ,,AUG-2022, ,AUG-2022,13:55, ,ee6b0dea6b8e1a9,[MAY CONTAIN PERSONALLY IDENTIFIABLE INFORMATION], ,[MAY CONTAIN PERSONALLY IDENTIFIABLE INFORMATION], ,[MAY CONTAIN PERSONALLY IDENTIFIABLE INFORMATION], ,Glendale, ,CA ,[MAY CONTAIN PERSONALLY IDENTIFIABLE INFORMATION], ,Highway / Freeway,Dry,No Unusual Conditions,65, ,Daylight,Y, , , , , , , ,,Other Fixed Object,Unknown,Yes,,,, , , , , , , , , , , ,Proceeding Straight,Yes,Unknown,Unknown,66, ,Y,Y,Y, , , , , , , , ,Y, ,Y, ,Y,Y, , ,Unknown,,Y,Unknown,,Y,,Y,,Y,"[REDACTED, MAY CONTAIN CONFIDENTIAL BUSINESS INFORMATION]",Y,"[REDACTED, MAY CONTAIN CONFIDENTIAL BUSINESS INFORMATION]",Y
13781-3707,2,"Tesla, Inc.",10-Day Update,,,AUG-2022,5YJ3E1EA5JF, ,N/A,Tesla,Model 3, ,2018, ,04fdca00f32779b,56365, ,Consumer,"[REDACTED, MAY CONTAIN CONFIDENTIAL BUSINESS INFORMATION]", ,Y,, , ,, , ,, , ,,, , ,,,No,ADAS,, , ,Y, , , , , ,,AUG-2022, ,AUG-2022,21:53, ,682f02801a38454,[MAY CONTAIN PERSONALLY IDENTIFIABLE INFORMATION], ,[MAY CONTAIN PERSONALLY IDENTIFIABLE INFORMATION], ,[MAY CONTAIN PERSONALLY IDENTIFIABLE INFORMATION], ,Austin, ,TX ,[MAY CONTAIN PERSONALLY IDENTIFIABLE INFORMATION], ,Highway / Freeway,Dry,"Other, see Narrative",70, ,Daylight,Y, , , , , , , ,,Passenger Car,Unknown,Yes,"Other, see Narrative",Yes,Unknown,Y,Y,Y, , , , , , , , ,Proceeding Straight,Yes,Unknown,Unknown,52, , ,Y,Y, , ,Y, , ,Y, , ,Y, ,Y, ,Y,Y, , ,Unknown,,Y,Unknown,,Y,,Y,,Y,"[REDACTED, MAY CONTAIN CONFIDENTIAL BUSINESS INFORMATION]",Y,"[REDACTED, MAY CONTAIN CONFIDENTIAL BUSINESS INFORMATION]",Y