Report ID,Report Version,Reporting Entity,Report Type,Report Month,Report Year,Report Submission Date,VIN,VIN - Unknown,Serial Number,Make,Model,Model - Unknown,Model Year,Model Year - Unknown,Same Vehicle ID,Mileage,Mileage - Unknown,Driver / Operator Type,ADAS/ADS System Version,ADAS/ADS System Version - Unk,ADAS/ADS System Version CBI,ADAS/ADS Hardware Version,ADAS/ADS Hardware Version - Unk,ADAS/ADS Hardware Version CBI,ADAS/ADS Software Version,ADAS/ADS Software Version - Unk,ADAS/ADS Software Version CBI,Other Reporting Entities?,Other Reporting Entities? - Unk,Other Reporting Entities? - NA,Federal Regulatory Exemption?,Other Federal Reg. Exemption,Federal Reg. Exemption - Unk,Federal Reg. Exemption - No,State or Local Permit?,State or Local Permit,ADS Equipped?,Automation System Engaged?,Operating Entity,Operating Entity - Unknown,Source - Complaint/Claim,Source - Telematics,Source - Law Enforcement,Source - Field Report,Source - Testing,Source - Media,Source - Other,Source - Other Text,Incident Date,Incident Date - Unknown,Notice Received Date,Incident Time (24:00),Incident Time - Unknown,Same Incident ID,Latitude,Latitude - Unknown,Longitude,Longitude - Unknown,Address,Address - Unknown,City,City - Unknown,State,Zip Code,Zip Code - Unknown,Roadway Type,Roadway Surface,Roadway Description,Posted Speed Limit (MPH),Posted Speed Limit - Unknown,Lighting,Weather - Clear,Weather - Snow,Weather - Cloudy,Weather - Fog/Smoke,Weather - Rain,Weather - Severe Wind,Weather - Unknown,Weather - Other,Weather - Other Text,Crash With,Highest Injury Severity Alleged,Property Damage?,CP Pre-Crash Movement,CP Any Air Bags Deployed?,CP Was Vehicle Towed?,CP Contact Area - Rear Left,CP Contact Area - Left,CP Contact Area - Front Left,CP Contact Area - Rear,CP Contact Area - Top,CP Contact Area - Front,CP Contact Area - Rear Right,CP Contact Area - Right,CP Contact Area - Front Right,CP Contact Area - Bottom,CP Contact Area - Unknown,SV Pre-Crash Movement,SV Any Air Bags Deployed?,SV Was Vehicle Towed?,SV Were All Passengers Belted?,SV Precrash Speed (MPH),SV Pre-crash Speed - Unknown,SV Contact Area - Rear Left,SV Contact Area - Left,SV Contact Area - Front Left,SV Contact Area - Rear,SV Contact Area - Top,SV Contact Area - Front,SV Contact Area - Rear Right,SV Contact Area - Right,SV Contact Area - Front Right,SV Contact Area - Bottom,SV Contact Area - Unknown,Data Availability - EDR,Data Availability - Police Rpt,Data Availability - Telematics,Data Availability - Complaints,Data Availability - Video,Data Availability - Other,Data Availability - No Data,Data Availability - Unknown,Law Enforcement Investigating?,Investigating Agency,Investigating Agency - Unknown,Rep Ent Or Mfr Investigating?,Investigating Officer Name,Inv. Officer Name - Unknown,Investigating Officer Phone,Inv. Officer Phone - Unknown,Investigating Officer Email,Inv. Officer Email - Unknown,Within ODD?,Within ODD? - CBI,Narrative,Narrative - CBI?
13781-3153,2,"Tesla, Inc.",10-Day Update,,,JUN-2022,5YJYGAEE1MF, ,N/A,Tesla,Model Y, ,2021, ,e6250ba058b5e0c,25346, ,Consumer,"[REDACTED, MAY CONTAIN CONFIDENTIAL BUSINESS INFORMATION]", ,Y,, , ,, , ,, , ,,, , ,,,No,ADAS,, , ,Y, , , , , ,,JUN-2022, ,JUN-2022,20:23, ,9fbac3b1ac40199,[MAY CONTAIN PERSONALLY IDENTIFIABLE INFORMATION], ,[MAY CONTAIN PERSONALLY IDENTIFIABLE INFORMATION], ,[MAY CONTAIN PERSONALLY IDENTIFIABLE INFORMATION], ,Le Sueur, ,MN ,[MAY CONTAIN PERSONALLY IDENTIFIABLE INFORMATION], ,Highway / Freeway,Wet,No Unusual Conditions,65, ,Dawn / Dusk, , ,Y, ,Y, , , ,,Unknown,Unknown,Yes,Unknown,Unknown,Unknown, , , , , , , , , , ,Y,Proceeding Straight,Yes,Unknown,Unknown,54, , , , , , , , , , , ,Y,Y, ,Y, ,Y,Y, , ,Unknown,,Y,Unknown,,Y,,Y,,Y,"[REDACTED, MAY CONTAIN CONFIDENTIAL BUSINESS INFORMATION]",Y,"[REDACTED, MAY CONTAIN CONFIDENTIAL BUSINESS INFORMATION]",Y
62-3251,1,Honda (American Honda Motor Co.),1-Day,,,JUN-2022,1HGCV2F34MA, ,N/A,Honda,Accord, ,2021, ,088318e2af81206,,Y,Consumer,,Y, ,, , ,, , ,, , ,,, , ,,,No,"Unknown, see Narrative",, ,Y, , , , , , ,,JAN-2022, ,JUN-2022,,Y,daacd88110763e5,,Y,,Y,,Y,Columbus, ,OH ,,Y,Intersection,Unknown,Unknown,,Y,Unknown, , , , , , ,Y, ,,Passenger Car,No Injuries Reported,No,Proceeding Straight,Unknown,Unknown, , , ,Y, , , , , , , ,Making Left Turn,No,Yes,Unknown,,Y, , , , , ,Y, , , , , , , , ,Y, , , , ,No,, ,Unknown,, ,, ,, ,"Unknown, see Narrative", ,A vehicle ran a red light and collided with the customer's front fender. The customer alleges that the Lane Keep Assist System and Adaptive Cruise Control were engaged.,
13781-3223,2,"Tesla, Inc.",10-Day Update,,,JUN-2022,5YJ3E1EB5LF, ,N/A,Tesla,Model 3, ,2020, ,e99f146d9820514,18543, ,Consumer,"[REDACTED, MAY CONTAIN CONFIDENTIAL BUSINESS INFORMATION]", ,Y,, , ,, , ,, , ,,, , ,,,No,ADAS,, , ,Y, , , , , ,,JUN-2022, ,JUN-2022,05:55, ,24d6239050724be,[MAY CONTAIN PERSONALLY IDENTIFIABLE INFORMATION], ,[MAY CONTAIN PERSONALLY IDENTIFIABLE INFORMATION], ,[MAY CONTAIN PERSONALLY IDENTIFIABLE INFORMATION], ,Duluth, ,GA ,[MAY CONTAIN PERSONALLY IDENTIFIABLE INFORMATION], ,Highway / Freeway,Dry,No Unusual Conditions,70, ,Dark - Not Lighted,Y, , , , , , , ,,"Other, see Narrative",Unknown,Yes,Unknown,Unknown,Unknown, , , , , , , , , , ,Y,Lane / Road Departure,Yes,Unknown,Unknown,65, ,Y,Y,Y, , ,Y, , ,Y,Y, ,Y, , , , , , , ,Unknown,,Y,Unknown,,Y,,Y,,Y,"[REDACTED, MAY CONTAIN CONFIDENTIAL BUSINESS INFORMATION]",Y,"[REDACTED, MAY CONTAIN CONFIDENTIAL BUSINESS INFORMATION]",Y
13781-3217,2,"Tesla, Inc.",10-Day Update,,,JUN-2022,5YJ3E1EC7MF, ,N/A,Tesla,Model 3, ,2021, ,20c54fd3e018104,18720, ,Consumer,"[REDACTED, MAY CONTAIN CONFIDENTIAL BUSINESS INFORMATION]", ,Y,, , ,, , ,, , ,,, , ,,,No,ADAS,, , ,Y, , , , , ,,JUN-2022, ,JUN-2022,05:42, ,6a9e3f9adc16dcc,[MAY CONTAIN PERSONALLY IDENTIFIABLE INFORMATION], ,[MAY CONTAIN PERSONALLY IDENTIFIABLE INFORMATION], ,[MAY CONTAIN PERSONALLY IDENTIFIABLE INFORMATION], ,Escondido, ,CA ,[MAY CONTAIN PERSONALLY IDENTIFIABLE INFORMATION], ,Street,Dry,No Unusual Conditions,35, ,Dark - Lighted,Y, , , , , , , ,,"Other, see Narrative",Unknown,Yes,Unknown,Unknown,Unknown, , , , , , , , , , ,Y,Proceeding Straight,No,Yes,Unknown,18, , , ,Y, , ,Y, , ,Y, , ,Y, ,Y, ,Y,Y, , ,Unknown,,Y,Unknown,,Y,,Y,,Y,"[REDACTED, MAY CONTAIN CONFIDENTIAL BUSINESS INFORMATION]",Y,"[REDACTED, MAY CONTAIN CONFIDENTIAL BUSINESS INFORMATION]",Y
13781-3171,2,"Tesla, Inc.",10-Day Update,,,JUN-2022,5YJSA1S29FF, ,N/A,Tesla,Model S, ,2015, ,47a46db90059209,172907, ,Consumer,"[REDACTED, MAY CONTAIN CONFIDENTIAL BUSINESS INFORMATION]", ,Y,, , ,, , ,, , ,,, , ,,,No,ADAS,, , ,Y, , , , , ,,JUN-2022, ,JUN-2022,06:10, ,fcd366a5f59f9d9,[MAY CONTAIN PERSONALLY IDENTIFIABLE INFORMATION], ,[MAY CONTAIN PERSONALLY IDENTIFIABLE INFORMATION], ,[MAY CONTAIN PERSONALLY IDENTIFIABLE INFORMATION], ,Fremont, ,CA ,[MAY CONTAIN PERSONALLY IDENTIFIABLE INFORMATION], ,Highway / Freeway,Unknown,Unknown,55, ,Unknown, , , , , , ,Y, ,,Unknown,Unknown,Yes,Unknown,Unknown,Unknown, , , , , , , , , , ,Y,Unknown,Yes,Unknown,Unknown,59, , , , , , , , , , , ,Y,Y, , , , ,Y, , ,Unknown,,Y,Unknown,,Y,,Y,,Y,"[REDACTED, MAY CONTAIN CONFIDENTIAL BUSINESS INFORMATION]",Y,"[REDACTED, MAY CONTAIN CONFIDENTIAL BUSINESS INFORMATION]",Y
13781-3154,2,"Tesla, Inc.",10-Day Update,,,JUN-2022,5YJ3E1EB6LF, ,N/A,Tesla,Model 3, ,2020, ,6589a724cae517f,12245, ,Consumer,"[REDACTED, MAY CONTAIN CONFIDENTIAL BUSINESS INFORMATION]", ,Y,, , ,, , ,, , ,,, , ,,,No,ADAS,, , ,Y, , , , , ,,JUN-2022, ,JUN-2022,16:08, ,af73757c8a1cd38,[MAY CONTAIN PERSONALLY IDENTIFIABLE INFORMATION], ,[MAY CONTAIN PERSONALLY IDENTIFIABLE INFORMATION], ,[MAY CONTAIN PERSONALLY IDENTIFIABLE INFORMATION], ,Harrisburg, ,NC ,[MAY CONTAIN PERSONALLY IDENTIFIABLE INFORMATION], ,Street,Dry,No Unusual Conditions,35, ,Daylight,Y, , , , , , , ,,Pickup Truck,Unknown,Yes,Parked,Unknown,Unknown, , , ,Y, , ,Y, , , , ,"Other, see Narrative",No,Yes,Unknown,26, , , , , , ,Y, , ,Y, , ,Y, ,Y, ,Y,Y, , ,Unknown,,Y,Unknown,,Y,,Y,,Y,"[REDACTED, MAY CONTAIN CONFIDENTIAL BUSINESS INFORMATION]",Y,"[REDACTED, MAY CONTAIN CONFIDENTIAL BUSINESS INFORMATION]",Y
13781-3155,2,"Tesla, Inc.",10-Day Update,,,JUN-2022,5YJ3E1EA6MF, ,N/A,Tesla,Model 3, ,2021, ,68a96506027b233,18882, ,Consumer,"[REDACTED, MAY CONTAIN CONFIDENTIAL BUSINESS INFORMATION]", ,Y,, , ,, , ,, , ,,, , ,,,No,ADAS,, , ,Y, , , , , ,,JUN-2022, ,JUN-2022,06:06, ,452c08c25378730,[MAY CONTAIN PERSONALLY IDENTIFIABLE INFORMATION], ,[MAY CONTAIN PERSONALLY IDENTIFIABLE INFORMATION], ,[MAY CONTAIN PERSONALLY IDENTIFIABLE INFORMATION], ,Blue Springs, ,MS ,[MAY CONTAIN PERSONALLY IDENTIFIABLE INFORMATION], ,Highway / Freeway,Dry,"Other, see Narrative",70, ,Dark - Lighted,Y, , , , , , , ,,Unknown,Unknown,Yes,Unknown,Unknown,Unknown, , , , , , , , , , ,Y,Proceeding Straight,Yes,Unknown,Unknown,68, , , , , , , , , , , ,Y,Y, ,Y, ,Y,Y, , ,Unknown,,Y,Unknown,,Y,,Y,,Y,"[REDACTED, MAY CONTAIN CONFIDENTIAL BUSINESS INFORMATION]",Y,"[REDACTED, MAY CONTAIN CONFIDENTIAL BUSINESS INFORMATION]",Y
13781-3145,2,"Tesla, Inc.",10-Day Update,,,JUN-2022,5YJYGDEE6MF, ,N/A,Tesla,Model Y, ,2021, ,bf3772387959f75,19187, ,Consumer,"[REDACTED, MAY CONTAIN CONFIDENTIAL BUSINESS INFORMATION]", ,Y,, , ,, , ,, , ,,, , ,,,No,ADAS,, , ,Y, , , , , ,,JUN-2022, ,JUN-2022,21:01, ,648035b69160aa4,[MAY CONTAIN PERSONALLY IDENTIFIABLE INFORMATION], ,[MAY CONTAIN PERSONALLY IDENTIFIABLE INFORMATION], ,[MAY CONTAIN PERSONALLY IDENTIFIABLE INFORMATION], ,San Antonio, ,TX ,[MAY CONTAIN PERSONALLY IDENTIFIABLE INFORMATION], ,Highway / Freeway,Dry,No Unusual Conditions,65, ,Daylight,Y, , , , , , , ,,Pickup Truck,Unknown,Yes,Lane / Road Departure,Unknown,Unknown, ,Y,Y, , , , , , , , ,Proceeding Straight,Yes,Unknown,Unknown,68, , , , , , , , , ,Y, , ,Y, ,Y, ,Y,Y, , ,Unknown,,Y,Unknown,,Y,,Y,,Y,"[REDACTED, MAY CONTAIN CONFIDENTIAL BUSINESS INFORMATION]",Y,"[REDACTED, MAY CONTAIN CONFIDENTIAL BUSINESS INFORMATION]",Y
13781-3144,2,"Tesla, Inc.",10-Day Update,,,JUN-2022,5YJ3E1EA8JF, ,N/A,Tesla,Model 3, ,2018, ,6e6efa5a0f7dba7,50021, ,Consumer,"[REDACTED, MAY CONTAIN CONFIDENTIAL BUSINESS INFORMATION]", ,Y,, , ,, , ,, , ,,, , ,,,No,ADAS,, , ,Y, , , , , ,,JUN-2022, ,JUN-2022,03:59, ,b88e9bbfda9521e,[MAY CONTAIN PERSONALLY IDENTIFIABLE INFORMATION], ,[MAY CONTAIN PERSONALLY IDENTIFIABLE INFORMATION], ,[MAY CONTAIN PERSONALLY IDENTIFIABLE INFORMATION], ,The Crossings, ,FL ,[MAY CONTAIN PERSONALLY IDENTIFIABLE INFORMATION], ,Intersection,Dry,No Unusual Conditions,40, ,Dark - Lighted,Y, , , , , , , ,,Passenger Car,Unknown,Yes,Making Left Turn,Yes,Unknown,Y,Y, , , , , , , , , ,Proceeding Straight,Yes,Unknown,Unknown,43, , , ,Y, , ,Y, , , , , ,Y, ,Y, ,Y, , , ,Unknown,,Y,Unknown,,Y,,Y,,Y,"[REDACTED, MAY CONTAIN CONFIDENTIAL BUSINESS INFORMATION]",Y,"[REDACTED, MAY CONTAIN CONFIDENTIAL BUSINESS INFORMATION]",Y
13781-3129,2,"Tesla, Inc.",10-Day Update,,,JUN-2022,5YJYGDEE0MF, ,N/A,Tesla,Model Y, ,2021, ,53d8ed56ef113c0,11101, ,Consumer,"[REDACTED, MAY CONTAIN CONFIDENTIAL BUSINESS INFORMATION]", ,Y,, , ,, , ,, , ,,, , ,,,No,ADAS,, , ,Y, , , , , ,,JUN-2022, ,JUN-2022,18:36, ,87dcd50d79773cf,[MAY CONTAIN PERSONALLY IDENTIFIABLE INFORMATION], ,[MAY CONTAIN PERSONALLY IDENTIFIABLE INFORMATION], ,[MAY CONTAIN PERSONALLY IDENTIFIABLE INFORMATION], ,Pentwater, ,MI ,[MAY CONTAIN PERSONALLY IDENTIFIABLE INFORMATION], ,Highway / Freeway,Wet,No Unusual Conditions,75, ,Daylight, , ,Y, ,Y, , , ,,Animal,Unknown,Yes,Unknown,,, , , , , , , , , , , ,Proceeding Straight,Yes,Unknown,Unknown,70, , , , , , ,Y, , ,Y, , ,Y, ,Y, ,Y,Y, , ,Unknown,,Y,Unknown,,Y,,Y,,Y,"[REDACTED, MAY CONTAIN CONFIDENTIAL BUSINESS INFORMATION]",Y,"[REDACTED, MAY CONTAIN CONFIDENTIAL BUSINESS INFORMATION]",Y
13781-3130,2,"Tesla, Inc.",10-Day Update,,,JUN-2022,5YJ3E1EA3MF, ,N/A,Tesla,Model 3, ,2021, ,ad8b2f664e72c34,22546, ,Consumer,"[REDACTED, MAY CONTAIN CONFIDENTIAL BUSINESS INFORMATION]", ,Y,, , ,, , ,, , ,,, , ,,,No,ADAS,, , ,Y, , , , , ,,JUN-2022, ,JUN-2022,17:00, ,b37672922132111,[MAY CONTAIN PERSONALLY IDENTIFIABLE INFORMATION], ,[MAY CONTAIN PERSONALLY IDENTIFIABLE INFORMATION], ,[MAY CONTAIN PERSONALLY IDENTIFIABLE INFORMATION], ,Monsey, ,NY ,[MAY CONTAIN PERSONALLY IDENTIFIABLE INFORMATION], ,Street,Dry,No Unusual Conditions,40, ,Daylight,Y, , , , , , , ,,Unknown,Unknown,Yes,Unknown,Unknown,Unknown, , , , , , , , , , ,Y,Proceeding Straight,Yes,Unknown,Unknown,33, , , , , , , , , , , ,Y,Y, ,Y, ,Y,Y, , ,Unknown,,Y,Unknown,,Y,,Y,,Y,"[REDACTED, MAY CONTAIN CONFIDENTIAL BUSINESS INFORMATION]",Y,"[REDACTED, MAY CONTAIN CONFIDENTIAL BUSINESS INFORMATION]",Y
62-3235,1,Honda (American Honda Motor Co.),1-Day,,,JUN-2022,19UDE2F77KA, ,N/A,Acura,ILX, ,2019, ,d56704201b78ad7,,Y,Consumer,,Y, ,, , ,, , ,, , ,,, , ,,,No,"Unknown, see Narrative",, ,Y, , , , , , ,,JAN-2022, ,JUN-2022,,Y,42d05fde5aebf65,,Y,,Y,,Y,Leesburg, ,VA ,,Y,Unknown,Unknown,Unknown,,Y,Unknown, , , , , , ,Y, ,,Passenger Car,Unknown,Yes,Stopped,Unknown,No, , , ,Y, , , , , , , ,Proceeding Straight,Yes,No,Unknown,,Y, , , , , ,Y, , , , , , , , ,Y, , , , ,No,, ,No,, ,, ,, ,"Unknown, see Narrative", ,The customer rear-ended the vehicle in front of him after that vehicle stopped due to traffic conditions. The customer alleges that the Lane Keep Assist System and Adaptive Cruise Control were engaged.,
62-3212,1,Honda (American Honda Motor Co.),1-Day,,,JUN-2022,5J8YD4H59KL, ,N/A,Acura,MDX, ,2019, ,b183422bc6c5b75,40000, ,Consumer,,Y, ,, , ,, , ,, , ,,, , ,,,No,"Unknown, see Narrative",, ,Y, , , , , , ,,FEB-2022, ,JUN-2022,,Y,4be6854d979e3a0,,Y,,Y,,Y,Townsend, ,DE ,,Y,Intersection,Unknown,Unknown,,Y,Unknown, , , , , , ,Y, ,,Passenger Car,No Injuries Reported,Yes,Stopped,Unknown,Unknown, , , , , , , , , , ,Y,Stopped,No,Yes,Unknown,,Y, , , ,Y, , , , , , , , , , ,Y, , , , ,No,, ,No,, ,, ,, ,"Unknown, see Narrative", ,Customer was at a stop light. Customer got rear-ended and hit another vehicle.  The customer alleges that the Lane Keep Assist System and Adaptive Cruise Control were engaged.,
1042-2072,3,"Porsche Cars North America, Inc.",Update,,,JUN-2022,WP1BE2AY4ND, ,N/A,Porsche,Cayenne E-hybrid, ,2022, ,a809a3fbe856453,100, ,Consumer,,Y, ,, , ,, , ,, , ,,, , ,,,No,ADAS,, ,Y, ,Y, , , , ,,DEC-2021, ,JAN-2022,13:00, ,572462203aa9640,[MAY CONTAIN PERSONALLY IDENTIFIABLE INFORMATION], ,[MAY CONTAIN PERSONALLY IDENTIFIABLE INFORMATION], ,[MAY CONTAIN PERSONALLY IDENTIFIABLE INFORMATION], ,Sandy Springs, ,GA ,,Y,Intersection,Unknown,Traffic Incident,,Y,Daylight, , , , , , ,Y, ,,SUV,Minor,No,Making U-Turn,Yes,Yes, , , , , , , ,Y, , , ,Proceeding Straight,Yes,Yes,Unknown,,Y, , , , , ,Y, , , , , , ,Y, , , , , , ,No,, ,No,, ,, ,, ,"Unknown, see Narrative", ,Subject vehicle was traveling straight and another vehicle turned left into the path of the subject vehicle. The customer feels the automatic braking feature of the subject vehicle should have activated.,
13781-2828,3,"Tesla, Inc.",10-Day Update,,,JUN-2022,5YJ3E1EAXJF, ,[MAY CONTAIN PERSONALLY IDENTIFIABLE INFORMATION],Tesla,Model 3, ,2018, ,f94906317e63e10,32934, ,Consumer,"[REDACTED, MAY CONTAIN CONFIDENTIAL BUSINESS INFORMATION]", ,Y,, , ,, , ,, , ,,, , ,,,No,ADAS,, , ,Y, , , , , ,,APR-2022, ,APR-2022,20:46, ,21dd72f83fc13d5,[MAY CONTAIN PERSONALLY IDENTIFIABLE INFORMATION], ,[MAY CONTAIN PERSONALLY IDENTIFIABLE INFORMATION], ,[MAY CONTAIN PERSONALLY IDENTIFIABLE INFORMATION], ,Coxs Creek, ,KY ,[MAY CONTAIN PERSONALLY IDENTIFIABLE INFORMATION], ,Rural Road,Dry,No Unusual Conditions,55, ,Daylight,Y, , , , , , , ,,Passenger Car,Unknown,Yes,Passing,Yes,Unknown, , ,Y, , ,Y, , ,Y, , ,Proceeding Straight,Yes,Unknown,Unknown,28, , ,Y,Y, , ,Y, ,Y,Y, , ,Y, ,Y, ,Y,Y, , ,Unknown,,Y,Unknown,,Y,,Y,,Y,"[REDACTED, MAY CONTAIN CONFIDENTIAL BUSINESS INFORMATION]",Y,"[REDACTED, MAY CONTAIN CONFIDENTIAL BUSINESS INFORMATION]",Y
855-2377,3,"Mercedes-Benz USA, LLC",Update,,,JUN-2022,4JGED6EB3KA, ,N/A,Mercedes-Benz,AMG GLE43 4Matic Coupe, ,2019, ,4b2b6062efa809e,19702, ,Consumer,Distronic with Active Steering Assist, , ,, , ,, , ,, , ,,, , ,,,No,ADAS,, ,Y, , , , , , ,,JAN-2022, ,FEB-2022,16:26, ,3c07d2d05ae1aee,[MAY CONTAIN PERSONALLY IDENTIFIABLE INFORMATION], ,[MAY CONTAIN PERSONALLY IDENTIFIABLE INFORMATION], ,[MAY CONTAIN PERSONALLY IDENTIFIABLE INFORMATION], ,East Columbus, ,TX ,[MAY CONTAIN PERSONALLY IDENTIFIABLE INFORMATION], ,Highway / Freeway,Wet,Unknown,,Y,Unknown, , , , , , ,Y, ,,Other Fixed Object,No Injuries Reported,Yes,,,, , , , , , , , , , , ,"Other, see Narrative",Yes,Unknown,Yes,75, ,Y,Y, , , , , , , , , ,Y,Y,Y,Y, , , , ,Unknown,Texas Department of Public Safety, ,Yes,[MAY CONTAIN PERSONALLY IDENTIFIABLE INFORMATION], ,[MAY CONTAIN PERSONALLY IDENTIFIABLE INFORMATION], ,,Y,"Unknown, see Narrative", ,No additional information to provide at this time.,
855-1341,5,"Mercedes-Benz USA, LLC",Update,,,JUN-2022,W1K6G7GB3MA, ,N/A,Mercedes-Benz,S580 4Matic, ,2021, ,96539e67fd1b15d,976, ,Consumer,Distronic with Active Steering Assist, , ,, , ,, , ,, , ,,, , ,,,No,ADAS,, ,Y, , , , , , ,,SEP-2021, ,SEP-2021,14:15, ,4ad7d7dddd47356,,Y,,Y,[MAY CONTAIN PERSONALLY IDENTIFIABLE INFORMATION], ,San Antonio, ,TX ,[MAY CONTAIN PERSONALLY IDENTIFIABLE INFORMATION], ,Street,Wet,No Unusual Conditions,35, ,Daylight,Y, , , , , , , ,,Passenger Car,Minor,No,Stopped,Yes,Yes, , , ,Y, ,Y, , , , , ,Unknown,No,Yes,Yes,,Y, , ,Y, , ,Y, , ,Y, , , , , , , ,Y, , ,Unknown,,Y,Yes,,Y,,Y,,Y,"Unknown, see Narrative", ,"All prior narratives have been removed due to character limit. Please see reports 855-1341-(1 through 3) to see prior updates.
01/[XXX]/22 Update to 855-1341-3:The customer submitted a Vehicle Owner's Questionnaire (""VOQ"") to NHTSA, complaint ID 1758659. An update is being provided based on new and differing information provided in the VOQ mainly with regards to the circumstances leading up to the alleged collision event. 
""The contact owns a 2021 Mercedes-Benz S580. The contact stated while driving at 60 MPH, the contact pressed a button on the steering wheel to engage the cruise control function on the vehicle. The contact stated when driving past a mileage sign stating 40 MPH, the vehicle suddenly reduce in speed to 40 MPH, while the contact was on the highway in the fast lane. The contact was able to move the vehicle over to the side of the road waited a few minutes took off the cruise control function and reapplied it back on and continued to drive the vehicle again. After a few minutes when the contact was exiting off the highway and the contact drove past a sign that said 60 MPH when suddenly the vehicle automatically accelerated on its own which caused the contact to rear-end a parked vehicle in front of them. The air bags did not deploy or the S.O.S. signal did not turn on. The contact was injured where they broke two bones in the right foot, left knee injury, and whiplash on their neck due to the seat belt. There was medical treatment at the scene. A police report was filed. The vehicle was towed to a local dealer where the vehicle was inspected but could not diagnose the caused the failure. The vehicle was not repaired. The manufacturer was made of the failure. The failure mileage was approximately 976.""",
1306-3076,1,Toyota Motor Engineering & Manufacturing,Monthly,5,2022,JUN-2022,JTMP1RFV5KD, ,n/a,Toyota,RAV4, ,2019, ,2f5d811a3871276,95894, ,Consumer,ADAS L2, , ,, , ,, , ,, , ,,, , ,,,No,ADAS,, ,Y, , ,Y, , , ,,APR-2022, ,MAY-2022,22:30, ,a518da42668ab25,,Y,,Y,[MAY CONTAIN PERSONALLY IDENTIFIABLE INFORMATION], ,Fife, ,WA ,[MAY CONTAIN PERSONALLY IDENTIFIABLE INFORMATION], ,Highway / Freeway,Wet,Unknown,,Y,Unknown, , , , , , ,Y, ,,Other Fixed Object,Unknown,Unknown,,,, , , , , , , , , , , ,Proceeding Straight,Yes,Yes,Yes,62, , , ,Y, , ,Y, , , , , ,Y, , ,Y, ,Y, , ,Unknown,,Y,Yes,,Y,,Y,,Y,"Unknown, see Narrative", ,"5/[XXX]/2022: In this report, the entries above are based on unconfirmed allegations. The customer alleged they were driving in the carpool lane on [XXX] south near exit [XXX], near Fife, WA. Customer states cruise control was set at 70 and lane departure was on. Customer states the vehicle drifted him into the embankment and he hit a dept. of safety (construction) plastic barrier. Customer states he received small abrasions near his left leg from the airbag deployment.
6/[XXX]/2022: Toyota obtained Vehicle Control History (VCH) and Event Data Recorder (EDR) from the subject vehicle. VCH provides an approximately 7.6 second pre-crash data recording, and EDR provides an approximately 4.85 second pre-crash data recording. Based on the data obtained, the following information was confirmed: Dynamic Radar Cruise Control (DRCC) was engaged during the recording leading up to the crash event. Lane Trace Assist (LTA) was engaged during the recording until approximately 6.4 seconds prior to the crash event, at which point it was disengaged. The vehicle was traveling straight (steering angle of 0 degrees) during the recordings with no registered driver or system steering input or brake pedal application leading up to the crash event. As a result of the crash, multiple airbags deployed and the vehicle was towed away from the scene.",